# Japanese JLPT vocabulary wordlist (N5-N1, OpenJLPT)
あさって	N5
あそこ	N5
あちら	N5
あっち	N5
あなた	N5
あの	N5
アパート	N5
あびる	N5
あまり	N5
ある	N5
あれ	N5
いい	N5
よい	N5
いいえ	N5
いかが	N5
いくつ	N5
いくら	N5
いす	N5
いちばん	N5
いつ	N5
いつも	N5
いろいろ	N5
ええ	N5
エレベーター	N5
おいしい	N5
おなか	N5
おばあさん	N5
おまわりさん	N5
おもしろい	N5
お菓子	N5
おかし	N5
お金	N5
おかね	N5
お兄さん	N5
おにいさん	N5
お皿	N5
おさら	N5
お姉さん	N5
おねえさん	N5
お手洗い	N5
おてあらい	N5
お酒	N5
おさけ	N5
お茶	N5
おちゃ	N5
お父さん	N5
おとうさん	N5
お風呂	N5
おふろ	N5
お弁当	N5
おべんとう	N5
お母さん	N5
おかあさん	N5
かかる	N5
かぎ	N5
かける	N5
カップ	N5
かばん	N5
カメラ	N5
カレー	N5
カレンダー	N5
かわいい	N5
ギター	N5
きれい	N5
キロ	N5
キログラム	N5
キロメートル	N5
ください	N5
クラス	N5
グラム	N5
コート	N5
コーヒー	N5
ここ	N5
こちら	N5
こっち	N5
コップ	N5
この	N5
コピーする	N5
これ	N5
こんな	N5
さあ	N5
さ来年	N5
さらいねん	N5
しかし	N5
じゃ	N5
じゃあ	N5
シャツ	N5
シャワー	N5
しょうゆ	N5
スカート	N5
すぐに	N5
ストーブ	N5
スプーン	N5
スポーツ	N5
ズボン	N5
スリッパ	N5
する	N5
セーター	N5
せっけん	N5
ゼロ	N5
そうして	N5
そして	N5
そこ	N5
そちら	N5
そっち	N5
その	N5
そば	N5
それ	N5
それから	N5
それでは	N5
たいへん	N5
たくさん	N5
タクシー	N5
たて	N5
たばこ	N5
たぶん	N5
だんだん	N5
ちゃわん	N5
ちょうど	N5
ちょっと	N5
つける	N5
つまらない	N5
テープ	N5
テーブル	N5
テープレコーダー	N5
できる	N5
テスト	N5
では	N5
デパート	N5
でも	N5
テレビ	N5
ドア	N5
トイレ	N5
どう	N5
どうして	N5
どうぞ	N5
どうも	N5
どこ	N5
どちら	N5
どっち	N5
とても	N5
どなた	N5
どの	N5
とり肉	N5
とりにく	N5
どれ	N5
ナイフ	N5
なぜ	N5
など	N5
なる	N5
ニュース	N5
ネクタイ	N5
ノート	N5
パーティー	N5
はい	N5
はく	N5
はし	N5
バス	N5
バター	N5
パン	N5
ハンカチ	N5
フィルム	N5
プール	N5
フォーク	N5
ふろ	N5
ページ	N5
ベッド	N5
ペット	N5
ペン	N5
ボールペン	N5
ほか	N5
ポケット	N5
ポスト	N5
ボタン	N5
ホテル	N5
ほんとう	N5
まずい	N5
また	N5
まだ	N5
まっすぐ	N5
マッチ	N5
みんな	N5
メートル	N5
もう	N5
もう一度	N5
もういちど	N5
もっと	N5
やる	N5
ゆっくりと	N5
よく	N5
より、ほう	N5
ラジオ	N5
ラジカセ	N5
ラジオカセット	N5
りっぱ	N5
レコード	N5
レストラン	N5
ワイシャツ	N5
悪い	N5
わるい	N5
飴	N5
あめ	N5
安い	N5
やすい	N5
暗い	N5
くらい	N5
意味	N5
いみ	N5
易しい	N5
やさしい	N5
違う	N5
ちがう	N5
医者	N5
いしゃ	N5
一	N5
いち	N5
一つ	N5
ひとつ	N5
一月	N5
ひとつき	N5
一昨日	N5
おととい	N5
一昨年	N5
おととし	N5
一緒	N5
いっしょ	N5
一人	N5
ひとり	N5
一日	N5
いちにち	N5
引く	N5
ひく	N5
飲み物	N5
のみもの	N5
飲む	N5
のむ	N5
右	N5
みぎ	N5
雨	N5
映画	N5
えいが	N5
映画館	N5
えいがかん	N5
泳ぐ	N5
およぐ	N5
英語	N5
えいご	N5
駅	N5
えき	N5
遠い	N5
とおい	N5
鉛筆	N5
えんぴつ	N5
塩	N5
しお	N5
汚い	N5
きたない	N5
奥さん	N5
おくさん	N5
押す	N5
おす	N5
横	N5
よこ	N5
黄色	N5
きいろ	N5
黄色い	N5
きいろい	N5
温い	N5
ぬるい	N5
音楽	N5
おんがく	N5
下	N5
した	N5
下手	N5
へた	N5
何	N5
なん/なに	N5
夏	N5
なつ	N5
夏休み	N5
なつやすみ	N5
家	N5
いえ	N5
家族	N5
かぞく	N5
家庭	N5
かてい	N5
暇	N5
ひま	N5
果物	N5
くだもの	N5
歌	N5
うた	N5
歌う	N5
うたう	N5
火曜日	N5
かようび	N5
花	N5
はな	N5
花瓶	N5
かびん	N5
荷物	N5
にもつ	N5
会う	N5
あう	N5
会社	N5
かいしゃ	N5
海	N5
うみ	N5
灰皿	N5
はいざら	N5
皆さん	N5
みなさん	N5
絵	N5
え	N5
開く	N5
あく	N5
開ける	N5
あける	N5
階段	N5
かいだん	N5
外	N5
そと	N5
外国	N5
がいこく	N5
外国人	N5
がいこくじん	N5
覚える	N5
おぼえる	N5
角	N5
かど	N5
学校	N5
がっこう	N5
学生	N5
がくせい	N5
楽しい	N5
たのしい	N5
寒い	N5
さむい	N5
漢字	N5
かんじ	N5
甘い	N5
あまい	N5
丸い	N5
まるい	N5
円い	N5
眼鏡	N5
めがね	N5
危ない	N5
あぶない	N5
机	N5
つくえ	N5
帰る	N5
かえる	N5
起きる	N5
おきる	N5
喫茶店	N5
きっさてん	N5
休み	N5
やすみ	N5
休む	N5
やすむ	N5
吸う	N5
すう	N5
牛肉	N5
ぎゅうにく	N5
牛乳	N5
ぎゅうにゅう	N5
去年	N5
きょねん	N5
居る	N5
いる	N5
魚	N5
さかな	N5
強い	N5
つよい	N5
教える	N5
おしえる	N5
教室	N5
きょうしつ	N5
橋	N5
狭い	N5
せまい	N5
曲る	N5
まがる	N5
勤める	N5
つとめる	N5
近い	N5
ちかい	N5
近く	N5
ちかく	N5
金曜日	N5
きんようび	N5
銀行	N5
ぎんこう	N5
九	N5
きゅう / く	N5
九つ	N5
ここのつ	N5
九日	N5
ここのか	N5
空	N5
そら	N5
靴	N5
くつ	N5
靴下	N5
くつした	N5
兄	N5
あに	N5
兄弟	N5
きょうだい	N5
警官	N5
けいかん	N5
軽い	N5
かるい	N5
結構	N5
けっこう	N5
結婚	N5
けっこん	N5
月曜日	N5
げつようび	N5
嫌	N5
いや	N5
嫌い	N5
きらい	N5
建物	N5
たてもの	N5
犬	N5
いぬ	N5
見せる	N5
みせる	N5
見る 観る	N5
みる	N5
元気	N5
げんき	N5
玄関	N5
げんかん	N5
言う	N5
いう	N5
言葉	N5
ことば	N5
古い	N5
ふるい	N5
呼ぶ	N5
よぶ	N5
戸	N5
と	N5
五	N5
ご	N5
五つ	N5
いつつ	N5
五日	N5
いつか	N5
午後	N5
ごご	N5
午前	N5
ごぜん	N5
後	N5
あと	N5
後ろ	N5
うしろ	N5
御飯	N5
ごはん	N5
交差点	N5
こうさてん	N5
交番	N5
こうばん	N5
公園	N5
こうえん	N5
厚い	N5
あつい	N5
口	N5
くち	N5
向こう	N5
むこう	N5
好き	N5
すき	N5
広い	N5
ひろい	N5
紅茶	N5
こうちゃ	N5
行く	N5
いく	N5
降りる	N5
おりる	N5
降る	N5
ふる	N5
高い	N5
たかい	N5
国	N5
くに	N5
黒	N5
くろ	N5
黒い	N5
くろい	N5
今	N5
いま	N5
今月	N5
こんげつ	N5
今週	N5
こんしゅう	N5
今朝	N5
けさ	N5
今日	N5
きょう	N5
今年	N5
ことし	N5
今晩	N5
こんばん	N5
困る	N5
こまる	N5
左	N5
ひだり	N5
差す	N5
さす	N5
砂糖	N5
さとう	N5
座る	N5
すわる	N5
細い	N5
ほそい	N5
財布	N5
さいふ	N5
咲く	N5
さく	N5
作る	N5
つくる	N5
作文	N5
さくぶん	N5
昨日	N5
きのう	N5
昨夜	N5
ゆうべ	N5
撮る	N5
とる	N5
雑誌	N5
ざっし	N5
三	N5
さん	N5
三つ	N5
みっつ	N5
三日	N5
みっか	N5
傘	N5
かさ	N5
山	N5
やま	N5
散歩	N5
さんぽする	N5
仕事	N5
しごと	N5
使う	N5
つかう	N5
四	N5
し / よん	N5
四つ	N5
よっつ	N5
四日	N5
よっか	N5
始まる	N5
はじまる	N5
姉	N5
あね	N5
子供	N5
こども	N5
止まる	N5
とまる	N5
死ぬ	N5
しぬ	N5
私	N5
わたくし	N5
紙	N5
かみ	N5
歯	N5
は	N5
字引	N5
じびき	N5
持つ	N5
もつ	N5
時々	N5
ときどき	N5
時間	N5
じかん	N5
時計	N5
とけい	N5
次	N5
つぎ	N5
耳	N5
みみ	N5
自転車	N5
じてんしゃ	N5
自動車	N5
じどうしゃ	N5
自分	N5
じぶん	N5
辞書	N5
じしょ	N5
七	N5
しち / なな	N5
七つ	N5
ななつ	N5
七日	N5
なのか	N5
質問	N5
しつもん	N5
写真	N5
しゃしん	N5
車	N5
くるま	N5
借りる	N5
かりる	N5
若い	N5
わかい	N5
弱い	N5
よわい	N5
取る	N5
手	N5
て	N5
手紙	N5
てがみ	N5
授業	N5
じゅぎょう	N5
秋	N5
あき	N5
終る	N5
おわる	N5
習う	N5
ならう	N5
住む	N5
すむ	N5
十	N5
じゅう とお	N5
十日	N5
とおか	N5
重い	N5
おもい	N5
宿題	N5
しゅくだい	N5
出かける	N5
でかける	N5
出す	N5
だす	N5
出る	N5
でる	N5
出口	N5
でぐち	N5
春	N5
はる	N5
初め	N5
はじめ	N5
始め	N5
初めて	N5
はじめて	N5
所	N5
ところ	N5
暑い	N5
書く	N5
かく	N5
女	N5
おんな	N5
女の子	N5
おんなのこ	N5
小さい	N5
ちいさい	N5
小さな	N5
ちいさな	N5
少し	N5
すこし	N5
少ない	N5
すくない	N5
消える	N5
きえる	N5
消す	N5
けす	N5
上	N5
うえ	N5
上げる	N5
あげる	N5
上手	N5
じょうず	N5
上着	N5
うわぎ	N5
丈夫	N5
じょうぶ	N5
乗る	N5
のる	N5
色	N5
いろ	N5
食べる	N5
たべる	N5
食べ物	N5
たべもの	N5
食堂	N5
しょくどう	N5
寝る	N5
ねる	N5
新しい	N5
あたらしい	N5
新聞	N5
しんぶん	N5
辛い	N5
からい	N5
人	N5
ひと	N5
図書館	N5
としょかん	N5
吹く	N5
ふく	N5
水	N5
みず	N5
水曜日	N5
すいようび	N5
晴れ	N5
はれ	N5
晴れる	N5
はれる	N5
生まれる	N5
うまれる	N5
生徒	N5
せいと	N5
声	N5
こえ	N5
西	N5
にし	N5
青	N5
あお	N5
青い	N5
あおい	N5
静か	N5
しずか	N5
赤	N5
あか	N5
赤い	N5
あかい	N5
切る	N5
きる	N5
切手	N5
きって	N5
切符	N5
きっぷ	N5
雪	N5
ゆき	N5
先	N5
さき	N5
先月	N5
せんげつ	N5
先週	N5
せんしゅう	N5
先生	N5
せんせい	N5
千	N5
せん	N5
川	N5
かわ	N5
河	N5
洗う	N5
あらう	N5
洗濯	N5
せんたく	N5
前	N5
まえ	N5
全部	N5
ぜんぶ	N5
掃除	N5
そうじする	N5
早い	N5
はやい	N5
窓	N5
まど	N5
走る	N5
はしる	N5
足	N5
あし	N5
速い	N5
村	N5
むら	N5
多い	N5
おおい	N5
太い	N5
ふとい	N5
体	N5
からだ	N5
待つ	N5
まつ	N5
貸す	N5
かす	N5
台所	N5
だいどころ	N5
大きい	N5
おおきい	N5
大きな	N5
おおきな	N5
大学	N5
だいがく	N5
大好き	N5
だいすき	N5
大使館	N5
たいしかん	N5
大丈夫	N5
だいじょうぶ	N5
大人	N5
おとな	N5
大勢	N5
おおぜい	N5
大切	N5
たいせつ	N5
脱ぐ	N5
ぬぐ	N5
誰	N5
だれ	N5
短い	N5
みじかい	N5
誕生日	N5
たんじょうび	N5
弾く	N5
暖かい	N5
あたたかい	N5
男	N5
おとこ	N5
男の子	N5
おとこのこ	N5
知る	N5
しる	N5
地下鉄	N5
ちかてつ	N5
地図	N5
ちず	N5
池	N5
いけ	N5
置く	N5
おく	N5
遅い	N5
おそい	N5
茶色	N5
ちゃいろ	N5
着く	N5
つく	N5
着る	N5
中	N5
なか	N5
昼	N5
ひる	N5
昼御飯	N5
ひるごはん	N5
朝	N5
あさ	N5
朝御飯	N5
あさごはん	N5
町	N5
まち	N5
長い	N5
ながい	N5
鳥	N5
とり	N5
痛い	N5
いたい	N5
低い	N5
ひくい	N5
庭	N5
にわ	N5
弟	N5
おとうと	N5
締める	N5
しめる	N5
天気	N5
てんき	N5
店	N5
みせ	N5
貼る	N5
電気	N5
でんき	N5
電車	N5
でんしゃ	N5
電話	N5
でんわ	N5
渡す	N5
わたす	N5
渡る	N5
わたる	N5
登る	N5
のぼる	N5
土曜日	N5
どようび	N5
冬	N5
ふゆ	N5
東	N5
ひがし	N5
答える	N5
こたえる	N5
頭	N5
あたま	N5
働く	N5
はたらく	N5
動物	N5
どうぶつ	N5
同じ	N5
おなじ	N5
道	N5
みち	N5
読む	N5
よむ	N5
豚肉	N5
ぶたにく	N5
曇り	N5
くもり	N5
曇る	N5
くもる	N5
南	N5
みなみ	N5
難しい	N5
むずかしい	N5
二	N5
に	N5
二つ	N5
ふたつ	N5
二十歳	N5
はたち	N5
二十日	N5
はつか	N5
二人	N5
ふたり	N5
二日	N5
ふつか	N5
賑やか	N5
にぎやか	N5
肉	N5
にく	N5
日曜日	N5
にちようび	N5
入る	N5
はいる	N5
入れる	N5
いれる	N5
入口	N5
いりぐち	N5
猫	N5
ねこ	N5
熱い	N5
年	N5
とし	N5
背	N5
せ	N5
背広	N5
せびろ	N5
買い物	N5
かいもの	N5
買う	N5
かう	N5
売る	N5
うる	N5
伯父	N5
おじいさん	N5
叔父	N5
伯母さん	N5
おばさん	N5
叔母さん	N5
白	N5
しろ	N5
白い	N5
しろい	N5
薄い	N5
うすい	N5
箱	N5
はこ	N5
八	N5
はち	N5
八つ	N5
やっつ	N5
八日	N5
ようか	N5
八百屋	N5
やおや	N5
半	N5
はん	N5
半分	N5
はんぶん	N5
煩い	N5
うるさい	N5
晩	N5
ばん	N5
晩御飯	N5
ばんごはん	N5
番号	N5
ばんごう	N5
疲れる	N5
つかれる	N5
飛ぶ	N5
とぶ	N5
飛行機	N5
ひこうき	N5
鼻	N5
百	N5
ひゃく	N5
病院	N5
びょういん	N5
病気	N5
びょうき	N5
部屋	N5
へや	N5
封筒	N5
ふうとう	N5
風	N5
かぜ	N5
風邪	N5
服	N5
物	N5
もの	N5
分かる	N5
わかる	N5
文章	N5
ぶんしょう	N5
聞く	N5
きく	N5
並ぶ	N5
ならぶ	N5
並べる	N5
ならべる	N5
閉まる	N5
しまる	N5
閉める	N5
辺	N5
へん	N5
返す	N5
かえす	N5
便利	N5
べんり	N5
勉強	N5
べんきょうする	N5
歩く	N5
あるく	N5
方	N5
かた	N5
帽子	N5
ぼうし	N5
忘れる	N5
わすれる	N5
忙しい	N5
いそがしい	N5
北	N5
きた	N5
本	N5
ほん	N5
本棚	N5
ほんだな	N5
磨く	N5
みがく	N5
妹	N5
いもうと	N5
毎月	N5
まいげつ/まいつき	N5
毎週	N5
まいしゅう	N5
毎朝	N5
まいあさ	N5
毎日	N5
まいにち	N5
毎年	N5
まいねん/まいとし	N5
毎晩	N5
まいばん	N5
万	N5
まん	N5
万年筆	N5
まんねんひつ	N5
無くす	N5
なくす	N5
名前	N5
なまえ	N5
明い	N5
あかるい	N5
明日	N5
あした	N5
鳴く	N5
なく	N5
木	N5
き	N5
木曜日	N5
もくようび	N5
目	N5
め	N5
問題	N5
もんだい	N5
門	N5
もん	N5
夜	N5
よる	N5
野菜	N5
やさい	N5
薬	N5
くすり	N5
友達	N5
ともだち	N5
有名	N5
ゆうめい	N5
遊ぶ	N5
あそぶ	N5
郵便局	N5
ゆうびんきょく	N5
夕飯	N5
ゆうはん	N5
夕方	N5
ゆうがた	N5
洋服	N5
ようふく	N5
葉書	N5
はがき	N5
要る	N5
欲しい	N5
ほしい	N5
来る	N5
くる	N5
来月	N5
らいげつ	N5
来週	N5
らいしゅう	N5
来年	N5
らいねん	N5
頼む	N5
たのむ	N5
卵	N5
たまご	N5
立つ	N5
たつ	N5
留学生	N5
りゅうがくせい	N5
旅行	N5
りょこう	N5
両親	N5
りょうしん	N5
料理	N5
りょうり	N5
涼しい	N5
すずしい	N5
緑	N5
みどり	N5
隣	N5
となり	N5
冷たい	N5
つめたい	N5
冷蔵庫	N5
れいぞうこ	N5
零	N5
れい	N5
練習	N5
れんしゅうする	N5
廊下	N5
ろうか	N5
六	N5
ろく	N5
六つ	N5
むっつ	N5
六日	N5
むいか	N5
話	N5
はなし	N5
話す	N5
はなす	N5
あ	N4
ああ	N4
あいさつする	N4
あかちゃん	N4
アクセサリー	N4
あげる	N4
アジア	N4
アナウンサー	N4
アフリカ	N4
アメリカ	N4
アルコール	N4
アルバイト	N4
あんな	N4
いじめる	N4
いただく	N4
いっぱい	N4
いらっしゃる	N4
うかがう	N4
うそ	N4
うち	N4
うまい	N4
うれしい	N4
うん	N4
エスカレーター	N4
おいでになる	N4
オートバイ	N4
おかげ	N4
おかしい	N4
おっしゃる	N4
おつり	N4
おもちゃ	N4
お金持ち	N4
かねもち/おかねもち	N4
お見舞い	N4
おみまい	N4
お祭り	N4
おまつり	N4
お祝い	N4
おいわい	N4
お嬢さん	N4
おじょうさん	N4
お宅	N4
おたく	N4
お土産	N4
おみやげ	N4
お礼	N4
おれい	N4
カーテン	N4
ガス	N4
ガソリン	N4
ガソリンスタンド	N4
かっこう	N4
かまう	N4
ガラス	N4
きっと	N4
くださる	N4
くれる	N4
ケーキ	N4
けがする	N4
けれど	N4
けれども	N4
けんかする	N4
こう	N4
ごちそう	N4
こと	N4
このあいだ	N4
このごろ	N4
ごみ	N4
ごらんになる	N4
これから	N4
コンサート	N4
コンピュータ	N4
コンピューター	N4
ご存じ	N4
ごぞんじ	N4
さっき	N4
サラダ	N4
サンダル	N4
サンドイッチ	N4
さ来月	N4
さらいげつ	N4
さ来週	N4
さらいしゅう	N4
しかる	N4
しっかり	N4
しばらく	N4
じゃま	N4
ジャム	N4
ずいぶん	N4
スーツ	N4
スーツケース	N4
すく	N4
スクリーン	N4
すっかり	N4
すっと	N4
ステーキ	N4
ステレオ	N4
すばらしい	N4
すり	N4
すると	N4
ぜひ	N4
ぜんぜん	N4
そう	N4
ソフト	N4
それで	N4
それに	N4
それほど	N4
そろそろ	N4
そんな	N4
そんなに	N4
たいてい	N4
タイプ	N4
だから	N4
たまに	N4
だめ	N4
チェックする	N4
ちっとも	N4
ちゃん	N4
つき	N4
つもり	N4
テキスト	N4
できるだけ	N4
テニス	N4
とうとう	N4
とこや	N4
どんどん	N4
なさる	N4
なるべく	N4
なるほど	N4
におい	N4
ぬれる	N4
ねだん	N4
ねっしん	N4
のど	N4
パート	N4
はず	N4
パソコン	N4
はっきり	N4
ハンドバッグ	N4
ピアノ	N4
ひげ	N4
びっくりする	N4
ひどい	N4
ビル	N4
ファックス	N4
ぶどう	N4
プレゼント	N4
ベル	N4
ほど	N4
ほとんど	N4
ほめる	N4
まじめ	N4
まず	N4
または	N4
もうすぐ	N4
もし	N4
もちろん	N4
もっとも	N4
もらう	N4
やっと	N4
やはり	N4
やっぱり	N4
よろしい	N4
レジ	N4
レポート	N4
リポート	N4
ワープロ	N4
安心	N4
あんしん	N4
安全	N4
あんぜん	N4
案内	N4
あんないする	N4
以下	N4
いか	N4
以外	N4
いがい	N4
以上	N4
いじょう	N4
以内	N4
いない	N4
意見	N4
いけん	N4
為	N4
ため	N4
移る	N4
うつる	N4
医学	N4
いがく	N4
育てる	N4
そだてる	N4
一生懸命	N4
いっしょうけんめい	N4
一度	N4
いちど	N4
引き出し	N4
ひきだし	N4
引き出す	N4
ひきだす	N4
引っ越す	N4
ひっこす	N4
運ぶ	N4
はこぶ	N4
運転	N4
うんてんする	N4
運転手	N4
うんてんしゅ	N4
運動	N4
うんどうする	N4
雲	N4
くも	N4
泳ぎ方	N4
およぎかた	N4
遠く	N4
とおく	N4
遠慮	N4
えんりょする	N4
汚れる	N4
よごれる	N4
押し入れ	N4
おしいれ	N4
億	N4
おく	N4
屋上	N4
おくじょう	N4
音	N4
おと	N4
下げる	N4
さげる	N4
下りる	N4
おりる	N4
下る	N4
さがる	N4
下宿	N4
げしゅく	N4
下着	N4
したぎ	N4
家内	N4
かない	N4
科学	N4
かがく	N4
火	N4
ひ	N4
火事	N4
かじ	N4
花見	N4
はなみ	N4
課長	N4
かちょう	N4
過ぎる	N4
すぎる	N4
会議	N4
かいぎ	N4
会議室	N4
かいぎしつ	N4
会場	N4
かいじょう	N4
会話	N4
かいわ	N4
回る	N4
まわる	N4
壊す	N4
こわす	N4
壊れる	N4
こわれる	N4
海岸	N4
かいがん	N4
皆	N4
みな	N4
開く	N4
ひらく	N4
確か	N4
たしか	N4
楽しみ	N4
たのしみ	N4
楽む	N4
たのしむ	N4
掛ける	N4
かける	N4
割れる	N4
われる	N4
割合	N4
わりあい	N4
滑る	N4
すべる	N4
噛む	N4
かむ	N4
乾く	N4
かわく	N4
慣れる	N4
なれる	N4
看護婦	N4
かんごふ	N4
簡単	N4
かんたん	N4
間	N4
あいだ	N4
間に合う	N4
まにあう	N4
間違える	N4
まちがえる	N4
関係	N4
かんけい	N4
危険	N4
きけん	N4
喜ぶ	N4
よろこぶ	N4
寄る	N4
よる	N4
機会	N4
きかい	N4
帰り	N4
かえり	N4
気	N4
き	N4
気持ち	N4
きもち	N4
気分	N4
きぶん	N4
汽車	N4
きしゃ	N4
祈る	N4
いのる	N4
季節	N4
きせつ	N4
規則	N4
きそく	N4
起す	N4
おこす	N4
技術	N4
ぎじゅつ	N4
客	N4
きゃく	N4
久しぶり	N4
ひさしぶり	N4
急	N4
きゅう	N4
急ぐ	N4
いそぐ	N4
急行	N4
きゅうこう	N4
泣く	N4
なく	N4
競争	N4
きょうそう	N4
教育	N4
きょういく	N4
教会	N4
きょうかい	N4
興味	N4
きょうみ	N4
鏡	N4
かがみ	N4
驚く	N4
おどろく	N4
近所	N4
きんじょ	N4
苦い	N4
にがい	N4
具合	N4
ぐあい	N4
空く	N4
あく	N4
空気	N4
くうき	N4
空港	N4
くうこう	N4
隅	N4
すみ	N4
君	N4
きみ	N4
形	N4
かたち	N4
景色	N4
けしき	N4
経験	N4
けいけんする	N4
経済	N4
けいざい	N4
計画	N4
けいかくする	N4
警察	N4
けいさつ	N4
迎える	N4
むかえる	N4
決して	N4
けっして	N4
決める	N4
きめる	N4
決る	N4
きまる	N4
血	N4
ち	N4
堅	N4
かたい	N4
硬	N4
固い	N4
建てる	N4
たてる	N4
研究	N4
けんきゅう	N4
研究室	N4
けんきゅうしつ	N4
絹	N4
きぬ	N4
見える	N4
みえる	N4
見つかる	N4
みつかる	N4
見つける	N4
みつける	N4
見物	N4
けんぶつ	N4
原因	N4
げんいん	N4
厳しい	N4
きびしい	N4
故障	N4
こしょうする	N4
湖	N4
みずうみ	N4
御主人	N4
ごしゅじん	N4
交通	N4
こうつう	N4
光	N4
ひかり	N4
光る	N4
ひかる	N4
公務員	N4
こうむいん	N4
向かう	N4
むかう	N4
工業	N4
こうぎょう	N4
工場	N4
こうじょう	N4
校長	N4
こうちょう	N4
港	N4
みなと	N4
考える	N4
かんがえる	N4
行う	N4
おこなう	N4
講義	N4
こうぎ	N4
講堂	N4
こうどう	N4
郊外	N4
こうがい	N4
降り出す	N4
ふりだす	N4
高校	N4
こうこう	N4
高校生	N4
こうこうせい	N4
高等学校	N4
こうとうがっこう	N4
合う	N4
あう	N4
国際	N4
こくさい	N4
込む	N4
こむ	N4
今度	N4
こんど	N4
今夜	N4
こんや	N4
差し上げる	N4
さしあげる	N4
砂	N4
すな	N4
最近	N4
さいきん	N4
最後	N4
さいご	N4
最初	N4
さいしょ	N4
妻	N4
つま	N4
済む	N4
すむ	N4
細かい	N4
こまかい	N4
坂	N4
さか	N4
参る	N4
まいる	N4
産業	N4
さんぎょう	N4
残る	N4
のこる	N4
残念	N4
ざんねん	N4
仕方	N4
しかた	N4
始める	N4
はじめる	N4
子	N4
こ	N4
市	N4
し	N4
市民	N4
しみん	N4
思い出す	N4
おもいだす	N4
思う	N4
おもう	N4
指	N4
ゆび	N4
指輪	N4
ゆびわ	N4
支度	N4
したくする	N4
枝	N4
えだ	N4
止む	N4
やむ	N4
止める	N4
とめる	N4
糸	N4
いと	N4
試験	N4
しけん	N4
試合	N4
しあい	N4
歯医者	N4
はいしゃ	N4
事故	N4
じこ	N4
事務所	N4
じむしょ	N4
似る	N4
にる	N4
字	N4
じ	N4
寺	N4
てら	N4
時代	N4
じだい	N4
治る	N4
なおる	N4
自由	N4
じゆう	N4
辞典	N4
じてん	N4
失敗	N4
しっぱい	N4
写す	N4
うつす	N4
捨てる	N4
すてる	N4
社会	N4
しゃかい	N4
社長	N4
しゃちょう	N4
謝る	N4
あやまる	N4
寂しい	N4
さびしい	N4
取り替える	N4
とりかえる	N4
手袋	N4
てぶくろ	N4
手伝う	N4
てつだう	N4
趣味	N4
しゅみ	N4
首	N4
くび	N4
受ける	N4
うける	N4
受付	N4
うけつけ	N4
周り	N4
まわり	N4
拾う	N4
ひろう	N4
終わり	N4
おわり	N4
習慣	N4
しゅうかん	N4
舟	N4
ふね	N4
集める	N4
あつめる	N4
集る	N4
あつまる	N4
住所	N4
じゅうしょ	N4
十分	N4
じゅうぶん	N4
柔らかい	N4
やわらかい	N4
柔道	N4
じゅうどう	N4
出席	N4
しゅっせきする	N4
出発	N4
しゅっぱつする	N4
準備	N4
じゅんびする	N4
女性	N4
じょせい	N4
勝つ	N4
かつ	N4
召し上がる	N4
めしあがる	N4
将来	N4
しょうらい	N4
小学校	N4
しょうがっこう	N4
小説	N4
しょうせつ	N4
小鳥	N4
ことり	N4
承知	N4
しょうちする	N4
招待	N4
しょうたいする	N4
消しゴム	N4
けしゴム	N4
焼く	N4
やく	N4
焼ける	N4
やける	N4
笑う	N4
わらう	N4
紹介	N4
しょうかい	N4
上る	N4
あがる	N4
乗り換える	N4
のりかえる	N4
乗り物	N4
のりもの	N4
場合	N4
ばあい	N4
場所	N4
ばしょ	N4
畳	N4
たたみ	N4
飾る	N4
かざる	N4
植える	N4
うえる	N4
触る	N4
さわる	N4
食事	N4
しょくじする	N4
食料品	N4
しょくりょうひん	N4
寝坊	N4
ねぼう	N4
心	N4
こころ	N4
心配	N4
しんぱいする	N4
新聞社	N4
しんぶんしゃ	N4
森	N4
もり	N4
深い	N4
ふかい	N4
申し上げる	N4
もうしあげる	N4
申す	N4
もうす	N4
真中	N4
まんなか	N4
神社	N4
じんじゃ	N4
親	N4
おや	N4
親切	N4
しんせつ	N4
進む	N4
すすむ	N4
人形	N4
にんぎょう	N4
人口	N4
じんこう	N4
尋ねる	N4
たずねる	N4
水泳	N4
すいえい	N4
水道	N4
すいどう	N4
数学	N4
すうがく	N4
世界	N4
せかい	N4
世話	N4
せわする	N4
凄い	N4
すごい	N4
政治	N4
せいじ	N4
星	N4
ほし	N4
正しい	N4
ただしい	N4
生きる	N4
いきる	N4
生活	N4
せいかつする	N4
生産	N4
せいさんする	N4
盛ん	N4
さかん	N4
西洋	N4
せいよう	N4
席	N4
せき	N4
昔	N4
むかし	N4
石	N4
いし	N4
赤ん坊	N4
あかんぼう	N4
折る	N4
おる	N4
折れる	N4
おれる	N4
説明	N4
せつめい	N4
先輩	N4
せんぱい	N4
戦争	N4
せんそう	N4
浅い	N4
あさい	N4
線	N4
せん	N4
選ぶ	N4
えらぶ	N4
祖父	N4
そふ	N4
祖母	N4
そぼ	N4
痩せる	N4
やせる	N4
相談	N4
そうだんする	N4
草	N4
くさ	N4
送る	N4
おくる	N4
騒ぐ	N4
さわぐ	N4
増える	N4
ふえる	N4
贈り物	N4
おくりもの	N4
息子	N4
むすこ	N4
足す	N4
たす	N4
足りる	N4
たりる	N4
続く	N4
つづく	N4
続ける	N4
つづける	N4
卒業	N4
そつぎょう	N4
太る	N4
ふとる	N4
打つ	N4
うつ	N4
退院	N4
たいいんする	N4
代わり	N4
かわり	N4
台風	N4
たいふう	N4
大学生	N4
だいがくせい	N4
大事	N4
だいじ	N4
大体	N4
だいたい	N4
大分	N4
だいぶ	N4
棚	N4
たな	N4
探す	N4
さがす	N4
暖房	N4
だんぼう	N4
男性	N4
だんせい	N4
知らせる	N4
しらせる	N4
地震	N4
じしん	N4
地理	N4
ちり	N4
恥ずかしい	N4
はずかしい	N4
致す	N4
いたす	N4
遅れる	N4
おくれる	N4
着物	N4
きもの	N4
中々	N4
なかなか	N4
中学校	N4
ちゅうがっこう	N4
昼間	N4
ひるま	N4
昼休み	N4
ひるやすみ	N4
注意	N4
ちゅうい	N4
注射	N4
ちゅうしゃ	N4
虫	N4
むし	N4
駐車場	N4
ちゅうしゃじょう	N4
丁寧	N4
ていねい	N4
調べる	N4
しらべる	N4
直す	N4
なおす	N4
直る	N4
珍しい	N4
めずらしい	N4
通う	N4
かよう	N4
通る	N4
とおる	N4
漬ける	N4
つける	N4
釣る	N4
つる	N4
泥棒	N4
どろぼう	N4
適当	N4
てきとう	N4
天気予報	N4
てんきよほう	N4
展覧会	N4
てんらんかい	N4
店員	N4
てんいん	N4
点	N4
てん	N4
伝える	N4
つたえる	N4
田舎	N4
いなか	N4
電灯	N4
でんとう	N4
電報	N4
でんぽう	N4
塗る	N4
ぬる	N4
途中	N4
とちゅう	N4
都	N4
と	N4
都合	N4
つごう	N4
怒る	N4
おこる	N4
倒れる	N4
たおれる	N4
島	N4
しま	N4
投げる	N4
なげる	N4
盗む	N4
ぬすむ	N4
湯	N4
ゆ	N4
答	N4
こたえ	N4
踏む	N4
ふむ	N4
逃げる	N4
にげる	N4
動く	N4
うごく	N4
動物園	N4
どうぶつえん	N4
道具	N4
どうぐ	N4
特に	N4
とくに	N4
特急	N4
とっきゅう	N4
特別	N4
とくべつ	N4
届ける	N4
とどける	N4
二階建て	N4
にかいだて	N4
日	N4
日記	N4
にっき	N4
入院	N4
にゅういんする	N4
入学	N4
にゅうがくする	N4
熱	N4
ねつ	N4
拝見	N4
はいけんする	N4
背中	N4
せなか	N4
倍	N4
ばい	N4
売り場	N4
うりば	N4
泊まる	N4
とまる	N4
発音	N4
はつおん	N4
髪	N4
かみ	N4
反対	N4
はんたい	N4
番組	N4
ばんぐみ	N4
彼	N4
かれ	N4
彼ら	N4
かれら	N4
彼女	N4
かのじょ	N4
悲しい	N4
かなしい	N4
比べる	N4
くらべる	N4
非常に	N4
ひじょうに	N4
飛行場	N4
ひこうじょう	N4
美しい	N4
うつくしい	N4
美術館	N4
びじゅつかん	N4
必ず	N4
かならず	N4
必要	N4
ひつよう	N4
表	N4
おもて	N4
品物	N4
しなもの	N4
不便	N4
ふべん	N4
付く	N4
つく	N4
夫	N4
おっと	N4
布団	N4
ふとん	N4
怖い	N4
こわい	N4
普通	N4
ふつう	N4
負ける	N4
まける	N4
部長	N4
ぶちょう	N4
復習	N4
ふくしゅう	N4
複雑	N4
ふくざつ	N4
払う	N4
はらう	N4
沸かす	N4
わかす	N4
沸く	N4
わく	N4
文化	N4
ぶんか	N4
文学	N4
ぶんがく	N4
文法	N4
ぶんぽう	N4
聞こえる	N4
きこえる	N4
米	N4
こめ	N4
壁	N4
かべ	N4
別	N4
べつ	N4
別れる	N4
わかれる	N4
変	N4
へん	N4
変える	N4
かえる	N4
変わる	N4
かわる	N4
片付ける	N4
かたづける	N4
返事	N4
へんじ	N4
捕まえる	N4
つかまえる	N4
暮れる	N4
包む	N4
つつむ	N4
放送	N4
ほうそうする	N4
法律	N4
ほうりつ	N4
訪ねる	N4
亡くなる	N4
なくなる	N4
忘れ物	N4
わすれもの	N4
貿易	N4
ぼうえき	N4
僕	N4
ぼく	N4
翻訳	N4
ほんやく	N4
漫画	N4
まんが	N4
味	N4
あじ	N4
味噌	N4
みそ	N4
眠い	N4
ねむい	N4
眠る	N4
ねむる	N4
夢	N4
ゆめ	N4
無くなる	N4
無理	N4
むり	N4
娘	N4
むすめ	N4
明日	N4
あす	N4
鳴る	N4
なる	N4
毛	N4
け	N4
木綿	N4
もめん	N4
戻る	N4
もどる	N4
役に立つ	N4
やくにたつ	N4
約束	N4
やくそく	N4
訳	N4
わけ	N4
輸出	N4
ゆしゅつする	N4
輸入	N4
ゆにゅうする	N4
優しい	N4
やさしい	N4
遊び	N4
あそび	N4
予習	N4
よしゅう	N4
予定	N4
よてい	N4
予約	N4
よやく	N4
揺れる	N4
ゆれる	N4
用	N4
よう	N4
用意	N4
ようい	N4
用事	N4
ようじ	N4
葉	N4
は	N4
踊り	N4
おどり	N4
踊る	N4
おどる	N4
落す	N4
おとす	N4
落る	N4
おちる	N4
利用	N4
りよう	N4
理由	N4
りゆう	N4
裏	N4
うら	N4
立てる	N4
留守	N4
るす	N4
旅館	N4
りょかん	N4
両方	N4
りょうほう	N4
力	N4
ちから	N4
林	N4
はやし	N4
例えば	N4
たとえば	N4
冷える	N4
ひえる	N4
冷房	N4
れいぼう	N4
歴史	N4
れきし	N4
連れる	N4
つれる	N4
連絡	N4
れんらく	N4
腕	N4
うで	N4
アイスクリーム	N3
あいにく	N3
アイロン	N3
アウト	N3
あした	N3
あちこち	N3
あっ	N3
あと	N3
あらゆる	N3
ありがとう	N3
あるいは	N3
アルバム	N3
あんなに	N3
あんまり	N3
いい	N3
いえ	N3
いけない	N3
いずれ	N3
いたずら	N3
いただきます	N3
いち	N3
いつか	N3
いつでも	N3
いつまでも	N3
いつも	N3
いらいら	N3
いらっしゃい	N3
いわゆる	N3
インク	N3
ウイスキー	N3
うがい	N3
うなる	N3
うまい	N3
うるさい	N3
うん	N3
（感）	N3
エネルギー	N3
エンジン	N3
オーバー	N3
おじいさん	N3
おしゃべり	N3
おそらく	N3
オフィス	N3
おまえ	N3
おめでとう	N3
おや	N3
およそ	N3
お互い	N3
おたがい	N3
お昼	N3
おひる	N3
お腹	N3
おなか	N3
カー	N3
カード	N3
がっかり	N3
かなり	N3
かもしれない	N3
かわいそう	N3
かわいらしい	N3
きちんと	N3
きつい	N3
キャプテン	N3
キャンプ	N3
キロ	N3
ぐっすり	N3
クラシック	N3
グラス	N3
グランド	N3
クリーム	N3
クリスマス	N3
グループ	N3
ケース	N3
ゲーム	N3
けち	N3
コーチ	N3
コード	N3
ゴール	N3
ここ	N3
この	N3
コピー	N3
ごめんなさい	N3
これら	N3
こんなに	N3
こんにちは	N3
コンピューター	N3
サービス	N3
サイン	N3
ざっと	N3
さっぱり	N3
さて	N3
ジーンズ	N3
ジェット機	N3
ジェットき	N3
しかも	N3
しきりに	N3
したがって	N3
じっと	N3
しばしば	N3
しまい	N3
（終わり）	N3
しまう	N3
（終わる）	N3
しまった	N3
じゃあ	N3
しゃべる	N3
ジュース	N3
スイッチ	N3
スープ	N3
スキー	N3
スケート	N3
すごい	N3
スター	N3
スタイル	N3
スタンド	N3
ずっと	N3
すてき	N3
すなわち	N3
スピーチ	N3
すみません	N3
すると	N3
セット	N3
センター	N3
そう	N3
そこ	N3
そこで	N3
そして	N3
そっくり	N3
そっと	N3
その	N3
そのうち	N3
そのまま	N3
ソファー	N3
それ	N3
（接。感）	N3
それぞれ	N3
それでも	N3
それとも	N3
タイプライター	N3
ダイヤ	N3
タオル	N3
だから	N3
だけど	N3
ただ	N3
だって	N3
たっぷり	N3
たとえ	N3
たびたび	N3
たまらない	N3
ダンス	N3
チーズ	N3
チーム	N3
チャンス	N3
ちゃんと	N3
ちょうだい	N3
つまり	N3
で	N3
デート	N3
できる	N3
（可能。出現。発生）	N3
ですから	N3
では	N3
デモ	N3
でも	N3
テント	N3
どう	N3
（接。副）	N3
どうか	N3
どうしても	N3
どこか	N3
ところが	N3
ところで	N3
トップ	N3
とにかく	N3
ドライブ	N3
トラック	N3
ドラマ	N3
トランプ	N3
どれ	N3
ドレス	N3
とん	N3
（1000	N3
とんでもない	N3
どんな	N3
どんなに	N3
トンネル	N3
なお	N3
なかなか	N3
なぜなら	N3
なにも	N3
にっこり	N3
ね	N3
ノック	N3
のんびり	N3
パーセント	N3
はい	N3
バイオリン	N3
ハイキング	N3
パイプ	N3
パイロット	N3
はさみ	N3
パス	N3
パスポート	N3
バッグ	N3
ばったり	N3
バン	N3
ハンサム	N3
ビール	N3
ピクニック	N3
びっくり	N3
ぴったり	N3
ビデオ	N3
ピン	N3
ふと	N3
（副）	N3
プラス	N3
プラン	N3
ブレーキ	N3
プロ	N3
ベルト	N3
ペンキ	N3
ベンチ	N3
ボーイ	N3
ボート	N3
ホーム	N3
ボール	N3
ほぼ	N3
ぼんやり	N3
まあ	N3
マーケット	N3
マイク	N3
まさか	N3
まさに	N3
マスター	N3
ますます	N3
ママ	N3
まるで	N3
ミス	N3
ミルク	N3
メモ	N3
メンバー	N3
もしも	N3
やがて	N3
やはり	N3
やや	N3
ユーモア	N3
ゆっくり	N3
よい	N3
ヨーロッパ	N3
ヨット	N3
より	N3
よると	N3
よろしく	N3
ライター	N3
ラケット	N3
レポート	N3
ロケット	N3
ワイン	N3
わがまま	N3
わざと	N3
哀れ	N3
あわれ	N3
愛	N3
あい	N3
愛する	N3
あいする	N3
愛情	N3
あいじょう	N3
挨拶	N3
あいさつ	N3
悪口	N3
わるくち	N3
悪魔	N3
あくま	N3
握る	N3
にぎる	N3
握手	N3
あくしゅ	N3
扱う	N3
あつかう	N3
或	N3
ある	N3
安定	N3
あんてい	N3
暗記	N3
あんき	N3
案	N3
あん	N3
案内	N3
あんない	N3
以前	N3
いぜん	N3
以来	N3
いらい	N3
位	N3
くらい	N3
位置	N3
依頼	N3
偉大	N3
いだい	N3
囲む	N3
かこむ	N3
委員	N3
いいん	N3
意外	N3
いがい	N3
意志	N3
いし	N3
意思	N3
意識	N3
いしき	N3
椅子	N3
いす	N3
為る	N3
する	N3
異なる	N3
ことなる	N3
異常	N3
いじょう	N3
移す	N3
うつす	N3
移動	N3
いどう	N3
維持	N3
いじ	N3
胃	N3
い	N3
衣服	N3
いふく	N3
違い	N3
ちがい	N3
違いない	N3
ちがいない	N3
違反	N3
いはん	N3
医師	N3
医療	N3
いりょう	N3
育つ	N3
そだつ	N3
一家	N3
いっか	N3
一言	N3
ひとこと	N3
一時	N3
いちじ	N3
一種	N3
いっしゅ	N3
一瞬	N3
いっしゅん	N3
一人一人	N3
ひとりひとり	N3
一生	N3
いっしょう	N3
一層	N3
いっそう	N3
一体	N3
いったい	N3
一致	N3
いっち	N3
一度に	N3
いちどに	N3
一般	N3
いっぱん	N3
一番	N3
いちばん	N3
一方	N3
いっぽう	N3
稲	N3
いね	N3
印	N3
しるし	N3
印刷	N3
いんさつ	N3
印象	N3
いんしょう	N3
引っ張る	N3
ひっぱる	N3
引退	N3
いんたい	N3
引用	N3
いんよう	N3
陰	N3
かげ	N3
隠す	N3
かくす	N3
隠れる	N3
かくれる	N3
宇宙	N3
うちゅう	N3
羽	N3
はね	N3
嘘	N3
うそ	N3
噂	N3
うわさ	N3
運	N3
運転	N3
うんてん	N3
運動	N3
うんどう	N3
餌	N3
えさ	N3
営業	N3
えいぎょう	N3
影	N3
影響	N3
えいきょう	N3
栄養	N3
えいよう	N3
永遠	N3
えいえん	N3
永久	N3
えいきゅう	N3
泳ぎ	N3
およぎ	N3
衛星	N3
えいせい	N3
鋭い	N3
するどい	N3
越える	N3
こえる	N3
越す	N3
こす	N3
円	N3
えん	N3
延期	N3
えんき	N3
援助	N3
えんじょ	N3
演技	N3
えんぎ	N3
演説	N3
えんぜつ	N3
演奏	N3
えんそう	N3
炎	N3
ほのお	N3
煙	N3
けむり	N3
猿	N3
さる	N3
縁	N3
ふち	N3
遠慮	N3
えんりょ	N3
汚染	N3
おせん	N3
奥	N3
おく	N3
応じる	N3
おうじる	N3
横切る	N3
よこぎる	N3
横断	N3
おうだん	N3
王	N3
おう	N3
王子	N3
おうじ	N3
王様	N3
おうさま	N3
沖	N3
おき	N3
屋根	N3
やね	N3
恩	N3
おん	N3
温暖	N3
おんだん	N3
温度	N3
おんど	N3
穏やか	N3
おだやか	N3
音	N3
下	N3
げ	N3
下さる	N3
くださる	N3
下す	N3
おろす	N3
下り	N3
くだり	N3
化学	N3
かがく	N3
化粧	N3
けしょう	N3
何	N3
なに	N3
何か	N3
なにか	N3
何で	N3
なんで	N3
何でも	N3
なんでも	N3
何とか	N3
なんとか	N3
価格	N3
かかく	N3
価値	N3
かち	N3
加える	N3
くわえる	N3
加わる	N3
くわわる	N3
加減	N3
かげん	N3
可	N3
か	N3
可能	N3
かのう	N3
嫁	N3
よめ	N3
家具	N3
かぐ	N3
家事	N3
かじ	N3
家賃	N3
やちん	N3
科目	N3
かもく	N3
歌手	N3
かしゅ	N3
河	N3
かわ	N3
火災	N3
かさい	N3
火曜	N3
かよう	N3
稼ぐ	N3
かせぐ	N3
菓子	N3
かし	N3
課	N3
過ごす	N3
すごす	N3
過去	N3
かこ	N3
我々	N3
われわれ	N3
我慢	N3
がまん	N3
画家	N3
がか	N3
芽	N3
め	N3
会	N3
かい	N3
会員	N3
かいいん	N3
会計	N3
かいけい	N3
会合	N3
かいごう	N3
解く	N3
とく	N3
解ける	N3
とける	N3
解決	N3
かいけつ	N3
解釈	N3
かいしゃく	N3
回	N3
回す	N3
まわす	N3
回り	N3
まわり	N3
回復	N3
かいふく	N3
快適	N3
かいてき	N3
怪我	N3
けが	N3
改善	N3
かいぜん	N3
海外	N3
かいがい	N3
灰	N3
皆	N3
みんな	N3
絵画	N3
かいが	N3
開始	N3
かいし	N3
外	N3
ほか	N3
外す	N3
はずす	N3
外交	N3
がいこう	N3
外出	N3
がいしゅつ	N3
咳	N3
せき	N3
害	N3
がい	N3
街	N3
まち	N3
拡大	N3
かくだい	N3
格好	N3
かっこう	N3
確かめる	N3
たしかめる	N3
確実	N3
かくじつ	N3
確認	N3
かくにん	N3
覚ます	N3
さます	N3
覚める	N3
さめる	N3
覚悟	N3
かくご	N3
角	N3
すみ	N3
革	N3
学	N3
がく	N3
学ぶ	N3
まなぶ	N3
学期	N3
がっき	N3
学者	N3
がくしゃ	N3
学習	N3
がくしゅう	N3
学問	N3
がくもん	N3
楽	N3
らく	N3
額	N3
掛かる	N3
かかる	N3
割る	N3
わる	N3
活気	N3
かっき	N3
活動	N3
かつどう	N3
活用	N3
かつよう	N3
株	N3
かぶ	N3
刈る	N3
かる	N3
勘	N3
かん	N3
勘定	N3
かんじょう	N3
勧める	N3
すすめる	N3
完成	N3
かんせい	N3
完全	N3
かんぜん	N3
完了	N3
かんりょう	N3
患者	N3
かんじゃ	N3
感じ	N3
かんじ	N3
感じる	N3
かんじる	N3
感覚	N3
かんかく	N3
感謝	N3
かんしゃ	N3
感情	N3
感心	N3
かんしん	N3
感動	N3
かんどう	N3
換える	N3
かえる	N3
歓迎	N3
かんげい	N3
汗	N3
あせ	N3
環境	N3
かんきょう	N3
監督	N3
かんとく	N3
管	N3
くだ	N3
管理	N3
かんり	N3
缶	N3
観客	N3
かんきゃく	N3
観光	N3
かんこう	N3
観察	N3
かんさつ	N3
間	N3
ま	N3
間違い	N3
まちがい	N3
関する	N3
かんする	N3
関心	N3
関連	N3
かんれん	N3
丸	N3
まる	N3
丸い	N3
まるい	N3
含む	N3
ふくむ	N3
岸	N3
きし	N3
岩	N3
いわ	N3
願い	N3
ねがい	N3
願う	N3
ねがう	N3
企業	N3
きぎょう	N3
喜び	N3
よろこび	N3
器用	N3
きよう	N3
基	N3
もと	N3
基づく	N3
もとづく	N3
基本	N3
きほん	N3
奇妙	N3
きみょう	N3
嬉しい	N3
うれしい	N3
寄付	N3
きふ	N3
希望	N3
きぼう	N3
幾つ	N3
いくつ	N3
幾ら	N3
いくら	N3
旗	N3
はた	N3
既に	N3
すでに	N3
期間	N3
きかん	N3
期待	N3
きたい	N3
機械	N3
きかい	N3
機関	N3
機嫌	N3
きげん	N3
機能	N3
きのう	N3
帰宅	N3
きたく	N3
気に入る	N3
きにいる	N3
気の毒	N3
きのどく	N3
気温	N3
きおん	N3
気候	N3
きこう	N3
気付く	N3
きづく	N3
気味	N3
きみ	N3
記憶	N3
きおく	N3
記事	N3
きじ	N3
記者	N3
きしゃ	N3
記入	N3
きにゅう	N3
記念	N3
きねん	N3
記録	N3
きろく	N3
貴重	N3
きちょう	N3
起こる	N3
おこる	N3
輝く	N3
かがやく	N3
鬼	N3
おに	N3
宜しい	N3
よろしい	N3
技師	N3
ぎし	N3
疑う	N3
うたがう	N3
疑問	N3
ぎもん	N3
義務	N3
ぎむ	N3
議員	N3
ぎいん	N3
議会	N3
ぎかい	N3
議長	N3
ぎちょう	N3
議論	N3
ぎろん	N3
詰める	N3
つめる	N3
逆	N3
ぎゃく	N3
逆らう	N3
さからう	N3
丘	N3
おか	N3
休暇	N3
きゅうか	N3
休憩	N3
きゅうけい	N3
及ぼす	N3
およぼす	N3
吸収	N3
きゅうしゅう	N3
急激	N3
きゅうげき	N3
急速	N3
きゅうそく	N3
救う	N3
すくう	N3
救助	N3
きゅうじょ	N3
求める	N3
もとめる	N3
球	N3
きゅう	N3
級	N3
給料	N3
きゅうりょう	N3
旧	N3
牛	N3
うし	N3
去る	N3
居る	N3
おる	N3
居間	N3
いま	N3
居眠り	N3
いねむり	N3
巨大	N3
きょだい	N3
許す	N3
ゆるす	N3
許可	N3
きょか	N3
魚	N3
うお	N3
供給	N3
きょうきゅう	N3
競技	N3
きょうぎ	N3
共に	N3
ともに	N3
共通	N3
きょうつう	N3
共同	N3
きょうどう	N3
協力	N3
きょうりょく	N3
叫ぶ	N3
さけぶ	N3
境	N3
さかい	N3
強調	N3
きょうちょう	N3
強盗	N3
ごうとう	N3
強力	N3
恐れる	N3
おそれる	N3
恐ろしい	N3
おそろしい	N3
恐怖	N3
きょうふ	N3
教科書	N3
きょうかしょ	N3
教師	N3
きょうし	N3
教授	N3
きょうじゅ	N3
狂う	N3
くるう	N3
胸	N3
むね	N3
局	N3
きょく	N3
極	N3
ごく	N3
玉	N3
たま	N3
僅か	N3
わずか	N3
勤め	N3
つとめ	N3
禁煙	N3
きんえん	N3
禁止	N3
きんし	N3
筋	N3
すじ	N3
筋肉	N3
きんにく	N3
緊張	N3
きんちょう	N3
近頃	N3
ちかごろ	N3
近代	N3
きんだい	N3
金	N3
かね	N3
金額	N3
きんがく	N3
金庫	N3
きんこ	N3
金持ち	N3
かねもち	N3
金銭	N3
きんせん	N3
金属	N3
きんぞく	N3
金融	N3
きんゆう	N3
金曜	N3
きんよう	N3
銀	N3
ぎん	N3
九	N3
句	N3
く	N3
区別	N3
くべつ	N3
苦しい	N3
くるしい	N3
苦しむ	N3
くるしむ	N3
苦手	N3
にがて	N3
苦痛	N3
くつう	N3
苦労	N3
くろう	N3
具体	N3
ぐたい	N3
空	N3
から	N3
空き	N3
あき	N3
空く	N3
すく	N3
偶	N3
偶々	N3
たまたま	N3
偶然	N3
ぐうぜん	N3
繰り返す	N3
くりかえす	N3
訓	N3
くん	N3
訓練	N3
くんれん	N3
軍	N3
ぐん	N3
軍隊	N3
ぐんたい	N3
係	N3
かかり	N3
傾向	N3
けいこう	N3
刑事	N3
けいじ	N3
型	N3
かた	N3
契約	N3
けいやく	N3
掲示	N3
敬意	N3
けいい	N3
景気	N3
けいき	N3
経つ	N3
たつ	N3
経営	N3
けいえい	N3
経験	N3
けいけん	N3
経由	N3
けいゆ	N3
繋ぐ	N3
つなぐ	N3
計	N3
けい	N3
計る	N3
はかる	N3
計画	N3
けいかく	N3
計算	N3
けいさん	N3
警告	N3
けいこく	N3
芸術	N3
げいじゅつ	N3
迎え	N3
むかえ	N3
劇	N3
げき	N3
劇場	N3
げきじょう	N3
撃つ	N3
うつ	N3
激しい	N3
はげしい	N3
欠ける	N3
かける	N3
欠陥	N3
けっかん	N3
欠席	N3
けっせき	N3
欠点	N3
けってん	N3
決まり	N3
きまり	N3
決心	N3
けっしん	N3
決定	N3
けってい	N3
穴	N3
あな	N3
結ぶ	N3
むすぶ	N3
結果	N3
けっか	N3
結局	N3
けっきょく	N3
結論	N3
けつろん	N3
月	N3
つき	N3
月曜	N3
げつよう	N3
健康	N3
けんこう	N3
券	N3
けん	N3
喧嘩	N3
けんか	N3
嫌う	N3
きらう	N3
建設	N3
けんせつ	N3
建築	N3
けんちく	N3
憲法	N3
けんぽう	N3
検査	N3
けんさ	N3
検討	N3
けんとう	N3
権利	N3
けんり	N3
県	N3
肩	N3
見る	N3
みる	N3
見解	N3
けんかい	N3
見事	N3
みごと	N3
見送り	N3
みおくり	N3
見当	N3
見舞い	N3
みまい	N3
賢い	N3
かしこい	N3
軒	N3
鍵	N3
かぎ	N3
元	N3
原	N3
はら	N3
減らす	N3
へらす	N3
減る	N3
へる	N3
現す	N3
あらわす	N3
現れ	N3
あらわれ	N3
現れる	N3
あらわれる	N3
現金	N3
げんきん	N3
現在	N3
げんざい	N3
現実	N3
げんじつ	N3
現象	N3
げんしょう	N3
現場	N3
げんば	N3
現状	N3
げんじょう	N3
現代	N3
げんだい	N3
言う	N3
ゆう	N3
言わば	N3
いわば	N3
言語	N3
げんご	N3
諺	N3
ことわざ	N3
限る	N3
かぎる	N3
限界	N3
げんかい	N3
個人	N3
こじん	N3
呼吸	N3
こきゅう	N3
故郷	N3
こきょう	N3
故障	N3
こしょう	N3
虎	N3
とら	N3
誇り	N3
ほこり	N3
雇う	N3
やとう	N3
互い	N3
たがい	N3
後	N3
うしろ	N3
後者	N3
こうしゃ	N3
御	N3
お	N3
語	N3
ご	N3
語る	N3
かたる	N3
語学	N3
ごがく	N3
誤り	N3
あやまり	N3
誤解	N3
ごかい	N3
交換	N3
こうかん	N3
交際	N3
こうさい	N3
候補	N3
こうほ	N3
光景	N3
こうけい	N3
公平	N3
こうへい	N3
効く	N3
きく	N3
効果	N3
こうか	N3
向かい	N3
むかい	N3
向く	N3
むく	N3
向ける	N3
むける	N3
喉	N3
のど	N3
好み	N3
このみ	N3
好む	N3
このむ	N3
工場	N3
こうば	N3
幸い	N3
さいわい	N3
幸せ	N3
しあわせ	N3
幸運	N3
こううん	N3
幸福	N3
こうふく	N3
広がる	N3
ひろがる	N3
広告	N3
こうこく	N3
攻撃	N3
こうげき	N3
更に	N3
さらに	N3
構う	N3
かまう	N3
構成	N3
こうせい	N3
硬い	N3
かたい	N3
硬貨	N3
考え	N3
かんがえ	N3
考慮	N3
こうりょ	N3
航空	N3
こうくう	N3
行き	N3
いき	N3
行儀	N3
ぎょうぎ	N3
行動	N3
こうどう	N3
講演	N3
こうえん	N3
貢献	N3
こうけん	N3
降ろす	N3
香り	N3
かおり	N3
高価	N3
高速	N3
こうそく	N3
合わせる	N3
あわせる	N3
合格	N3
ごうかく	N3
合計	N3
ごうけい	N3
合図	N3
あいず	N3
濠	N3
ほり	N3
豪華	N3
ごうか	N3
克服	N3
こくふく	N3
国家	N3
こっか	N3
国会	N3
こっかい	N3
国境	N3
こっきょう	N3
国語	N3
こくご	N3
国民	N3
こくみん	N3
穀物	N3
こくもつ	N3
黒板	N3
こくばん	N3
腰	N3
こし	N3
骨	N3
ほね	N3
骨折	N3
こっせつ	N3
頃	N3
ころ	N3
今に	N3
いまに	N3
今にも	N3
いまにも	N3
今回	N3
こんかい	N3
今後	N3
こんご	N3
今日	N3
こんにち	N3
困難	N3
こんなん	N3
婚約	N3
こんやく	N3
根	N3
混雑	N3
こんざつ	N3
混乱	N3
こんらん	N3
左右	N3
さゆう	N3
差	N3
さ	N3
差別	N3
さべつ	N3
砂漠	N3
さばく	N3
鎖	N3
くさり	N3
座席	N3
ざせき	N3
再び	N3
ふたたび	N3
最も	N3
もっとも	N3
最高	N3
さいこう	N3
最終	N3
さいしゅう	N3
最中	N3
さいちゅう	N3
最低	N3
さいてい	N3
才能	N3
さいのう	N3
済ませる	N3
すませる	N3
祭	N3
まつり	N3
裁判	N3
さいばん	N3
際	N3
さい	N3
材料	N3
ざいりょう	N3
罪	N3
つみ	N3
財産	N3
ざいさん	N3
作家	N3
さっか	N3
作業	N3
さぎょう	N3
作曲	N3
さっきょく	N3
作品	N3
さくひん	N3
作物	N3
さくもつ	N3
作法	N3
さほう	N3
昨	N3
さく	N3
桜	N3
さくら	N3
札	N3
さつ	N3
殺す	N3
ころす	N3
皿	N3
さら	N3
参加	N3
さんか	N3
参考	N3
さんこう	N3
散歩	N3
さんぽ	N3
賛成	N3
Uӣ[い	N3
酸素	N3
さんそ	N3
残す	N3
のこす	N3
残り	N3
のこり	N3
伺う	N3
うかがう	N3
使用	N3
しよう	N3
刺激	N3
しげき	N3
四	N3
し	N3
始まり	N3
はじまり	N3
姉妹	N3
姿	N3
すがた	N3
市場	N3
いちば	N3
思い出	N3
おもいで	N3
思わず	N3
おもわず	N3
思想	N3
しそう	N3
指す	N3
さす	N3
指導	N3
しどう	N3
支える	N3
ささえる	N3
支給	N3
しきゅう	N3
支出	N3
ししゅつ	N3
支店	N3
してん	N3
支度	N3
したく	N3
支配	N3
しはい	N3
支払	N3
しはらい	N3
支払う	N3
しはらう	N3
止す	N3
よす	N3
死亡	N3
しぼう	N3
氏	N3
至る	N3
いたる	N3
詩	N3
詩人	N3
しじん	N3
試し	N3
ためし	N3
試す	N3
ためす	N3
資源	N3
しげん	N3
資本	N3
しほん	N3
飼う	N3
かう	N3
事	N3
こと	N3
事件	N3
じけん	N3
事実	N3
じじつ	N3
事情	N3
じじょう	N3
事態	N3
じたい	N3
事務	N3
じむ	N3
似合う	N3
にあう	N3
持ち上げる	N3
もちあげる	N3
時	N3
とき	N3
時期	N3
じき	N3
時刻	N3
じこく	N3
次々	N3
つぎつぎ	N3
次第	N3
しだい	N3
示す	N3
しめす	N3
自殺	N3
じさつ	N3
自身	N3
じしん	N3
自然	N3
しぜん	N3
自動	N3
じどう	N3
自慢	N3
じまん	N3
辞める	N3
やめる	N3
式	N3
しき	N3
七	N3
しち	N3
叱る	N3
しかる	N3
失う	N3
うしなう	N3
失業	N3
しつぎょう	N3
失望	N3
しつぼう	N3
質	N3
しつ	N3
実	N3
み	N3
実に	N3
じつに	N3
実は	N3
じつは	N3
実験	N3
じっけん	N3
実現	N3
じつげん	N3
実行	N3
じっこう	N3
実際	N3
じっさい	N3
実施	N3
じっし	N3
芝居	N3
しばい	N3
芝生	N3
しばふ	N3
者	N3
もの	N3
邪魔	N3
じゃま	N3
借金	N3
しゃっきん	N3
主に	N3
おもに	N3
主義	N3
しゅぎ	N3
主張	N3
しゅちょう	N3
主婦	N3
しゅふ	N3
主要	N3
しゅよう	N3
取り上げる	N3
とりあげる	N3
取れる	N3
とれる	N3
守る	N3
まもる	N3
手間	N3
てま	N3
手術	N3
しゅじゅつ	N3
手段	N3
しゅだん	N3
手伝い	N3
てつだい	N3
手品	N3
てじな	N3
種	N3
たね	N3
種類	N3
しゅるい	N3
酒	N3
さけ	N3
首相	N3
しゅしょう	N3
首都	N3
しゅと	N3
受け取る	N3
うけとる	N3
需要	N3
じゅよう	N3
収める	N3
おさめる	N3
収穫	N3
しゅうかく	N3
収入	N3
しゅうにゅう	N3
周囲	N3
しゅうい	N3
宗教	N3
しゅうきょう	N3
就く	N3
つく	N3
就職	N3
しゅうしょく	N3
州	N3
しゅう	N3
修正	N3
しゅうせい	N3
修理	N3
しゅうり	N3
終	N3
おわり	N3
終える	N3
おえる	N3
臭い	N3
くさい	N3
週	N3
週間	N3
しゅうかん	N3
集まり	N3
あつまり	N3
集団	N3
しゅうだん	N3
集中	N3
しゅうちゅう	N3
住宅	N3
じゅうたく	N3
住民	N3
じゅうみん	N3
十	N3
じゅう	N3
従う	N3
したがう	N3
従兄弟	N3
いとこ	N3
渋滞	N3
じゅうたい	N3
縦	N3
たて	N3
重視	N3
じゅうし	N3
重大	N3
じゅうだい	N3
重要	N3
じゅうよう	N3
銃	N3
宿	N3
やど	N3
宿泊	N3
しゅくはく	N3
祝い	N3
いわい	N3
祝う	N3
いわう	N3
出会い	N3
であい	N3
出会う	N3
であう	N3
出身	N3
しゅっしん	N3
出席	N3
しゅっせき	N3
出発	N3
しゅっぱつ	N3
出版	N3
しゅっぱん	N3
出来るだけ	N3
できるだけ	N3
出来事	N3
できごと	N3
述べる	N3
のべる	N3
瞬間	N3
しゅんかん	N3
準備	N3
じゅんび	N3
順	N3
じゅん	N3
順調	N3
じゅんちょう	N3
順番	N3
じゅんばん	N3
処理	N3
しょり	N3
所為	N3
せい	N3
署名	N3
しょめい	N3
書斎	N3
しょさい	N3
書物	N3
しょもつ	N3
書類	N3
しょるい	N3
助ける	N3
たすける	N3
助手	N3
じょしゅ	N3
女王	N3
じょおう	N3
女子	N3
じょし	N3
女優	N3
じょゆう	N3
徐々に	N3
じょじょに	N3
除く	N3
のぞく	N3
傷	N3
きず	N3
勝ち	N3
商人	N3
しょうにん	N3
商売	N3
しょうばい	N3
商品	N3
しょうひん	N3
奨学金	N3
しょうがくきん	N3
小屋	N3
こや	N3
小麦	N3
こむぎ	N3
小包	N3
こづつみ	N3
少々	N3
しょうしょう	N3
少しも	N3
すこしも	N3
少女	N3
しょうじょ	N3
少年	N3
しょうねん	N3
床	N3
ゆか	N3
承知	N3
しょうち	N3
承認	N3
招く	N3
まねく	N3
招待	N3
しょうたい	N3
昇る	N3
のぼる	N3
松	N3
まつ	N3
消費	N3
しょうひ	N3
消防	N3
しょうぼう	N3
症状	N3
しょうじょう	N3
省く	N3
はぶく	N3
章	N3
しょう	N3
笑い	N3
わらい	N3
笑顔	N3
えがお	N3
衝突	N3
しょうとつ	N3
証明	N3
しょうめい	N3
詳しい	N3
くわしい	N3
象	N3
ぞう	N3
賞	N3
障害	N3
しょうがい	N3
上	N3
うわ	N3
上京	N3
じょうきょう	N3
上達	N3
じょうたつ	N3
上等	N3
じょうとう	N3
乗せる	N3
のせる	N3
乗客	N3
じょうきゃく	N3
冗談	N3
じょうだん	N3
城	N3
しろ	N3
場	N3
ば	N3
場面	N3
ばめん	N3
常に	N3
つねに	N3
常識	N3
じょうしき	N3
情報	N3
じょうほう	N3
条件	N3
じょうけん	N3
状況	N3
状態	N3
じょうたい	N3
譲る	N3
ゆずる	N3
植物	N3
しょくぶつ	N3
職	N3
しょく	N3
職業	N3
しょくぎょう	N3
触れる	N3
ふれる	N3
食う	N3
くう	N3
食事	N3
しょくじ	N3
食卓	N3
しょくたく	N3
食品	N3
しょくひん	N3
食物	N3
しょくもつ	N3
食欲	N3
しょくよく	N3
食料	N3
しょくりょう	N3
食糧	N3
尻	N3
しり	N3
伸ばす	N3
のばす	N3
伸びる	N3
のびる	N3
信じる	N3
しんじる	N3
信仰	N3
しんこう	N3
信号	N3
しんごう	N3
信用	N3
しんよう	N3
信頼	N3
しんらい	N3
審判	N3
しんぱん	N3
心臓	N3
しんぞう	N3
心配	N3
しんぱい	N3
心理	N3
しんり	N3
慎重	N3
しんちょう	N3
振る	N3
ふる	N3
新た	N3
あらた	N3
新鮮	N3
しんせん	N3
深刻	N3
しんこく	N3
申し込む	N3
もうしこむ	N3
申し訳	N3
もうしわけ	N3
真っ赤	N3
まっか	N3
真っ直ぐ	N3
まっすぐ	N3
真剣	N3
しんけん	N3
真似	N3
まね	N3
真面目	N3
まじめ	N3
神	N3
かみ	N3
神経	N3
しんけい	N3
親しい	N3
したしい	N3
親戚	N3
しんせき	N3
親友	N3
しんゆう	N3
診察	N3
しんさつ	N3
身	N3
身体	N3
しんたい	N3
身長	N3
辛い	N3
つらい	N3
進める	N3
進学	N3
しんがく	N3
進歩	N3
しんぽ	N3
針	N3
はり	N3
震える	N3
ふるえる	N3
人間	N3
にんげん	N3
人気	N3
にんき	N3
人工	N3
じんこう	N3
人込み	N3
ひとごみ	N3
人種	N3
じんしゅ	N3
人生	N3
じんせい	N3
人物	N3
じんぶつ	N3
人類	N3
じんるい	N3
塵	N3
ごみ	N3
図	N3
ず	N3
図書	N3
としょ	N3
推薦	N3
すいせん	N3
水準	N3
すいじゅん	N3
睡眠	N3
すいみん	N3
遂に	N3
ついに	N3
酔う	N3
よう	N3
随分	N3
ずいぶん	N3
数	N3
かず	N3
数える	N3
かぞえる	N3
数字	N3
すうじ	N3
世の中	N3
よのなか	N3
世間	N3
せけん	N3
世紀	N3
せいき	N3
世話	N3
せわ	N3
是非	N3
ぜひ	N3
制限	N3
せいげん	N3
制度	N3
せいど	N3
勢い	N3
いきおい	N3
性	N3
性格	N3
せいかく	N3
成る	N3
なる	N3
成功	N3
せいこう	N3
成人	N3
せいじん	N3
成績	N3
せいせき	N3
成長	N3
せいちょう	N3
政府	N3
せいふ	N3
整理	N3
せいり	N3
正	N3
正確	N3
正午	N3
しょうご	N3
正式	N3
せいしき	N3
正直	N3
しょうじき	N3
清潔	N3
せいけつ	N3
生	N3
生き物	N3
いきもの	N3
生じる	N3
しょうじる	N3
生まれ	N3
うまれ	N3
生産	N3
せいさん	N3
生地	N3
生物	N3
せいぶつ	N3
生命	N3
せいめい	N3
盛り	N3
さかり	N3
精々	N3
せいぜい	N3
精神	N3
せいしん	N3
製造	N3
せいぞう	N3
製品	N3
せいひん	N3
請求	N3
せいきゅう	N3
青年	N3
せいねん	N3
税金	N3
ぜいきん	N3
石炭	N3
せきたん	N3
石油	N3
せきゆ	N3
積もる	N3
つもる	N3
積極的	N3
せっきょくてき	N3
責める	N3
せめる	N3
責任	N3
せきにん	N3
跡	N3
切れ	N3
きれ	N3
切れる	N3
きれる	N3
設計	N3
せっけい	N3
設備	N3
せつび	N3
節	N3
ふし	N3
節約	N3
せつやく	N3
説	N3
せつ	N3
絶対	N3
ぜったい	N3
絶滅	N3
ぜつめつ	N3
舌	N3
した	N3
先ず	N3
まず	N3
先日	N3
せんじつ	N3
占める	N3
しめる	N3
専攻	N3
せんこう	N3
川	N3
戦い	N3
たたかい	N3
戦う	N3
たたかう	N3
泉	N3
いずみ	N3
船	N3
ふね	N3
選手	N3
せんしゅ	N3
選択	N3
せんたく	N3
前者	N3
ぜんしゃ	N3
前進	N3
ぜんしん	N3
善	N3
ぜん	N3
全	N3
全く	N3
まったく	N3
全て	N3
すべて	N3
全員	N3
ぜんいん	N3
全国	N3
ぜんこく	N3
全然	N3
ぜんぜん	N3
全体	N3
ぜんたい	N3
粗	N3
あら	N3
粗末	N3
そまつ	N3
素	N3
素晴らしい	N3
すばらしい	N3
組	N3
くみ	N3
組む	N3
くむ	N3
組合	N3
くみあい	N3
組織	N3
そしき	N3
訴える	N3
うったえる	N3
鼠	N3
ねずみ	N3
双子	N3
ふたご	N3
想像	N3
そうぞう	N3
掃除	N3
そうじ	N3
操作	N3
そうさ	N3
巣	N3
す	N3
相手	N3
あいて	N3
相続	N3
そうぞく	N3
相談	N3
そうだん	N3
相当	N3
そうとう	N3
装置	N3
そうち	N3
霜	N3
しも	N3
騒ぎ	N3
さわぎ	N3
騒音	N3
そうおん	N3
増す	N3
ます	N3
増加	N3
ぞうか	N3
贈る	N3
おくる	N3
側	N3
そば	N3
息	N3
束	N3
たば	N3
速度	N3
そくど	N3
続き	N3
つづき	N3
袖	N3
そで	N3
存在	N3
そんざい	N3
孫	N3
まご	N3
尊敬	N3
そんけい	N3
尊重	N3
そんちょう	N3
損	N3
そん	N3
損害	N3
そんがい	N3
他	N3
た	N3
他人	N3
たにん	N3
多少	N3
たしょう	N3
多分	N3
たぶん	N3
太陽	N3
たいよう	N3
打つ	N3
ぶつ	N3
駄目	N3
だめ	N3
体育	N3
たいいく	N3
体温	N3
たいおん	N3
対	N3
たい	N3
対する	N3
たいする	N3
対象	N3
たいしょう	N3
帯	N3
おび	N3
怠ける	N3
なまける	N3
態度	N3
たいど	N3
替える	N3
滞在	N3
たいざい	N3
袋	N3
ふくろ	N3
貸し	N3
退屈	N3
たいくつ	N3
逮捕	N3
たいほ	N3
代金	N3
だいきん	N3
代表	N3
だいひょう	N3
代理	N3
だいり	N3
台	N3
だい	N3
大いに	N3
おおいに	N3
大した	N3
たいした	N3
大家	N3
おおや	N3
大会	N3
たいかい	N3
大気	N3
たいき	N3
大使	N3
たいし	N3
大臣	N3
だいじん	N3
大戦	N3
たいせん	N3
大抵	N3
たいてい	N3
大統領	N3
だいとうりょう	N3
大半	N3
たいはん	N3
大部分	N3
だいぶぶん	N3
大変	N3
たいへん	N3
大陸	N3
たいりく	N3
題	N3
宅	N3
たく	N3
叩く	N3
たたく	N3
達する	N3
たっする	N3
奪う	N3
うばう	N3
谷	N3
たに	N3
誰か	N3
だれか	N3
単なる	N3
たんなる	N3
単に	N3
たんに	N3
単位	N3
たんい	N3
単語	N3
たんご	N3
単純	N3
たんじゅん	N3
担当	N3
たんとう	N3
端	N3
はし	N3
誕生	N3
たんじょう	N3
団体	N3
だんたい	N3
弾	N3
断る	N3
ことわる	N3
暖かい	N3
あたたか(い)	N3
段	N3
だん	N3
男の人	N3
おとこのひと	N3
男子	N3
だんし	N3
値	N3
値段	N3
ねだん	N3
知らせ	N3
しらせ	N3
知恵	N3
ちえ	N3
知事	N3
ちじ	N3
知識	N3
ちしき	N3
知能	N3
ちのう	N3
地	N3
ち	N3
地位	N3
ちい	N3
地域	N3
ちいき	N3
地下	N3
ちか	N3
地球	N3
ちきゅう	N3
地区	N3
ちく	N3
地平線	N3
ちへいせん	N3
地方	N3
ちほう	N3
遅刻	N3
ちこく	N3
茶	N3
ちゃ	N3
中	N3
ちゅう	N3
中央	N3
ちゅうおう	N3
中学	N3
ちゅうがく	N3
中古	N3
ちゅうこ	N3
中止	N3
ちゅうし	N3
中心	N3
ちゅうしん	N3
仲	N3
なか	N3
仲間	N3
なかま	N3
昼食	N3
ちゅうしょく	N3
注	N3
注ぐ	N3
そそぐ	N3
注文	N3
ちゅうもん	N3
注目	N3
ちゅうもく	N3
虫歯	N3
むしば	N3
駐車	N3
ちゅうしゃ	N3
著者	N3
ちょしゃ	N3
貯金	N3
ちょきん	N3
張る	N3
はる	N3
眺め	N3
ながめ	N3
眺める	N3
ながめる	N3
調査	N3
ちょうさ	N3
調子	N3
ちょうし	N3
長期	N3
ちょうき	N3
頂く	N3
いただく	N3
頂上	N3
ちょうじょう	N3
直	N3
直ちに	N3
ただちに	N3
直に	N3
じかに	N3
直接	N3
ちょくせつ	N3
沈む	N3
しずむ	N3
追い付く	N3
おいつく	N3
追う	N3
痛み	N3
いたみ	N3
通じる	N3
つうじる	N3
通す	N3
とおす	N3
通り	N3
とおり	N3
通り過ぎる	N3
とおりすぎる	N3
通過	N3
つうか	N3
通学	N3
つうがく	N3
通行	N3
つうこう	N3
通信	N3
つうしん	N3
掴む	N3
つかむ	N3
停留所	N3
ていりゅうじょ	N3
定期	N3
ていき	N3
底	N3
抵抗	N3
ていこう	N3
提案	N3
ていあん	N3
提出	N3
ていしゅつ	N3
程	N3
ほど	N3
程度	N3
ていど	N3
諦める	N3
あきらめる	N3
泥	N3
どろ	N3
敵	N3
てき	N3
笛	N3
ふえ	N3
適する	N3
てきする	N3
適切	N3
てきせつ	N3
適度	N3
てきど	N3
適用	N3
てきよう	N3
溺れる	N3
おぼれる	N3
哲学	N3
てつがく	N3
徹底	N3
てってい	N3
徹夜	N3
てつや	N3
鉄	N3
てつ	N3
鉄道	N3
てつどう	N3
典型	N3
てんけい	N3
天候	N3
てんこう	N3
天然	N3
てんねん	N3
転ぶ	N3
ころぶ	N3
伝統	N3
でんとう	N3
田	N3
電子	N3
でんし	N3
兎	N3
うさぎ	N3
吐く	N3
はく	N3
登山	N3
とざん	N3
途端	N3
とたん	N3
都	N3
みやこ	N3
都会	N3
とかい	N3
都市	N3
とし	N3
努力	N3
どりょく	N3
度	N3
たび	N3
土	N3
つち	N3
土産	N3
みやげ	N3
土地	N3
とち	N3
土曜	N3
どよう	N3
倒す	N3
たおす	N3
党	N3
とう	N3
凍る	N3
こおる	N3
刀	N3
かたな	N3
塔	N3
投票	N3
とうひょう	N3
灯	N3
ひ	N3
当たる	N3
あたる	N3
当てる	N3
あてる	N3
当時	N3
とうじ	N3
等	N3
など	N3
等しい	N3
ひとしい	N3
答案	N3
とうあん	N3
到着	N3
とうちゃく	N3
豆	N3
まめ	N3
頭痛	N3
ずつう	N3
働き	N3
はたらき	N3
動かす	N3
うごかす	N3
動詞	N3
どうし	N3
同一	N3
どういつ	N3
同時	N3
どうじ	N3
同様	N3
どうよう	N3
同僚	N3
どうりょう	N3
道徳	N3
どうとく	N3
道路	N3
どうろ	N3
得る	N3
える	N3
得意	N3
とくい	N3
特徴	N3
とくちょう	N3
毒	N3
どく	N3
独り	N3
ひとり	N3
独身	N3
どくしん	N3
独特	N3
どくとく	N3
独立	N3
どくりつ	N3
読み	N3
よみ	N3
読書	N3
どくしょ	N3
突然	N3
とつぜん	N3
届く	N3
とどく	N3
曇	N3
くもり	N3
内	N3
うち	N3
内容	N3
ないよう	N3
謎	N3
なぞ	N3
鍋	N3
なべ	N3
縄	N3
なわ	N3
二十	N3
はたち	N3
匂い	N3
におい	N3
日	N3
にち	N3
日光	N3
にっこう	N3
日常	N3
にちじょう	N3
日中	N3
にっちゅう	N3
日付	N3
ひづけ	N3
日本	N3
にっぽん	N3
日曜	N3
にちよう	N3
入院	N3
にゅういん	N3
入学	N3
にゅうがく	N3
入場	N3
にゅうじょう	N3
任せる	N3
まかせる	N3
認める	N3
みとめる	N3
濡れる	N3
ぬれる	N3
寧ろ	N3
むしろ	N3
熱心	N3
ねっしん	N3
熱帯	N3
ねったい	N3
熱中	N3
ねっちゅう	N3
年間	N3
ねんかん	N3
年寄	N3
としより	N3
年月	N3
としつき	N3
年代	N3
ねんだい	N3
年中	N3
ねんじゅう	N3
年齢	N3
ねんれい	N3
燃える	N3
もえる	N3
悩む	N3
なやむ	N3
濃い	N3
こい	N3
納得	N3
なっとく	N3
能	N3
のう	N3
能力	N3
のうりょく	N3
農家	N3
のうか	N3
農業	N3
のうぎょう	N3
農民	N3
のうみん	N3
波	N3
なみ	N3
破る	N3
やぶる	N3
破産	N3
はさん	N3
馬	N3
うま	N3
馬鹿	N3
ばか	N3
俳優	N3
はいゆう	N3
背	N3
配達	N3
はいたつ	N3
梅	N3
うめ	N3
梅雨	N3
つゆ	N3
売れる	N3
うれる	N3
博士	N3
はかせ	N3
博物館	N3
はくぶつかん	N3
拍手	N3
はくしゅ	N3
爆発	N3
ばくはつ	N3
莫大	N3
ばくだい	N3
肌	N3
はだ	N3
畑	N3
はたけ	N3
発見	N3
はっけん	N3
発行	N3
はっこう	N3
発車	N3
はっしゃ	N3
発達	N3
はったつ	N3
発展	N3
はってん	N3
発表	N3
はっぴょう	N3
発明	N3
はつめい	N3
髪の毛	N3
かみのけ	N3
罰する	N3
ばっする	N3
抜く	N3
ぬく	N3
抜ける	N3
ぬける	N3
判断	N3
はんだん	N3
半ば	N3
なかば	N3
反抗	N3
はんこう	N3
板	N3
いた	N3
犯罪	N3
はんざい	N3
犯人	N3
はんにん	N3
販売	N3
はんばい	N3
範囲	N3
はんい	N3
飯	N3
めし	N3
否	N3
いや	N3
否定	N3
ひてい	N3
彼等	N3
かれら	N3
悲しむ	N3
かなしむ	N3
悲劇	N3
ひげき	N3
批判	N3
ひはん	N3
批評	N3
ひひょう	N3
比較	N3
ひかく	N3
疲れ	N3
つかれ	N3
皮	N3
秘密	N3
ひみつ	N3
被る	N3
かぶる	N3
被害	N3
ひがい	N3
費用	N3
ひよう	N3
避ける	N3
さける	N3
非常	N3
ひじょう	N3
飛ばす	N3
とばす	N3
飛び出す	N3
とびだす	N3
飛行	N3
ひこう	N3
備える	N3
そなえる	N3
微笑む	N3
ほほえむ	N3
微妙	N3
びみょう	N3
美人	N3
びじん	N3
膝	N3
ひざ	N3
必ずしも	N3
かならずしも	N3
必死	N3
ひっし	N3
筆	N3
ふで	N3
紐	N3
ひも	N3
氷	N3
こおり	N3
表	N3
ひょう	N3
表す	N3
表現	N3
ひょうげん	N3
表情	N3
ひょうじょう	N3
表面	N3
ひょうめん	N3
評価	N3
ひょうか	N3
評判	N3
ひょうばん	N3
描く	N3
えがく	N3
秒	N3
びょう	N3
品	N3
しな	N3
貧しい	N3
まずしい	N3
瓶	N3
びん	N3
不	N3
ふ	N3
不安	N3
ふあん	N3
不可	N3
ふか	N3
不幸	N3
ふこう	N3
不思議	N3
ふしぎ	N3
不自由	N3
ふじゆう	N3
不正	N3
ふせい	N3
不足	N3
ふそく	N3
不平	N3
ふへい	N3
不満	N3
ふまん	N3
不利	N3
ふり	N3
付き合い	N3
つきあい	N3
付ける	N3
つける	N3
夫人	N3
ふじん	N3
夫婦	N3
ふうふ	N3
婦人	N3
布	N3
ぬの	N3
普段	N3
ふだん	N3
父親	N3
ちちおや	N3
腐る	N3
くさる	N3
負け	N3
まけ	N3
武器	N3
ぶき	N3
舞台	N3
ぶたい	N3
部分	N3
ぶぶん	N3
風景	N3
ふうけい	N3
風呂	N3
ふろ	N3
幅	N3
はば	N3
服装	N3
ふくそう	N3
腹	N3
覆う	N3
おおう	N3
仏	N3
ほとけ	N3
物音	N3
ものおと	N3
物価	N3
ぶっか	N3
物語	N3
ものがたり	N3
物事	N3
ものごと	N3
物質	N3
ぶっしつ	N3
物理	N3
ぶつり	N3
分	N3
ぶ	N3
分ける	N3
わける	N3
分析	N3
ぶんせき	N3
分野	N3
ぶんや	N3
粉	N3
こな	N3
雰囲気	N3
ふんいき	N3
文	N3
ぶん	N3
文句	N3
もんく	N3
文字	N3
もじ	N3
文明	N3
ぶんめい	N3
塀	N3
へい	N3
平ら	N3
たいら	N3
平均	N3
へいきん	N3
平等	N3
びょうどう	N3
平和	N3
へいわ	N3
柄	N3
え	N3
閉じる	N3
とじる	N3
癖	N3
くせ	N3
別に	N3
べつに	N3
別れ	N3
わかれ	N3
変化	N3
へんか	N3
変更	N3
へんこう	N3
辺り	N3
あたり	N3
便	N3
便り	N3
たより	N3
勉強	N3
べんきょう	N3
弁当	N3
べんとう	N3
保証	N3
ほしょう	N3
保存	N3
ほぞん	N3
捕まる	N3
つかまる	N3
歩道	N3
ほどう	N3
墓	N3
はか	N3
暮らし	N3
くらし	N3
暮らす	N3
くらす	N3
暮れ	N3
くれ	N3
母親	N3
ははおや	N3
包み	N3
つつみ	N3
報告	N3
ほうこく	N3
宝	N3
たから	N3
宝石	N3
ほうせき	N3
抱える	N3
かかえる	N3
抱く	N3
いだく	N3
放す	N3
はなす	N3
放送	N3
ほうそう	N3
方	N3
ほう	N3
方々	N3
かたがた	N3
方向	N3
ほうこう	N3
方法	N3
ほうほう	N3
法	N3
泡	N3
あわ	N3
褒める	N3
ほめる	N3
訪問	N3
ほうもん	N3
豊か	N3
ゆたか	N3
豊富	N3
ほうふ	N3
飽きる	N3
あきる	N3
望み	N3
のぞみ	N3
望む	N3
のぞむ	N3
棒	N3
ぼう	N3
冒険	N3
ぼうけん	N3
防ぐ	N3
ふせぐ	N3
吠える	N3
ほえる	N3
頬	N3
ほほ	N3
本人	N3
ほんにん	N3
本当	N3
ほんと	N3
本物	N3
ほんもの	N3
幕	N3
まく	N3
又	N3
また	N3
末	N3
すえ	N3
万一	N3
まんいち	N3
満ちる	N3
みちる	N3
満足	N3
まんぞく	N3
味方	N3
みかた	N3
未だ	N3
まだ	N3
未来	N3
みらい	N3
魅力	N3
みりょく	N3
妙	N3
みょう	N3
務め	N3
夢中	N3
むちゅう	N3
無	N3
無し	N3
なし	N3
無視	N3
むし	N3
無事	N3
ぶじ	N3
無駄	N3
むだ	N3
無料	N3
むりょう	N3
霧	N3
きり	N3
名	N3
な	N3
名人	N3
めいじん	N3
命	N3
いのち	N3
命じる	N3
めいじる	N3
命令	N3
めいれい	N3
明かり	N3
あかり	N3
明ける	N3
あける	N3
明らか	N3
あきらか	N3
明確	N3
めいかく	N3
明後日	N3
みょうごにち	N3
迷子	N3
まいご	N3
迷惑	N3
めいわく	N3
滅多に	N3
めったに	N3
免許	N3
めんきょ	N3
綿	N3
めん	N3
面	N3
面倒	N3
めんどう	N3
模様	N3
もよう	N3
毛布	N3
もうふ	N3
木曜	N3
もくよう	N3
黙る	N3
だまる	N3
目的	N3
もくてき	N3
目標	N3
もくひょう	N3
勿論	N3
もちろん	N3
尤も	N3
戻す	N3
もどす	N3
貰う	N3
もらう	N3
問い	N3
とい	N3
夜	N3
よ	N3
夜中	N3
よなか	N3
夜明け	N3
よあけ	N3
野	N3
の	N3
厄介	N3
やっかい	N3
役	N3
やく	N3
役割	N3
やくわり	N3
約	N3
訳	N3
愉快	N3
ゆかい	N3
油	N3
あぶら	N3
輸出	N3
ゆしゅつ	N3
輸入	N3
ゆにゅう	N3
唯	N3
唯一	N3
ゆいいつ	N3
優れる	N3
すぐれる	N3
優秀	N3
ゆうしゅう	N3
優勝	N3
ゆうしょう	N3
勇気	N3
ゆうき	N3
友	N3
とも	N3
友情	N3
ゆうじょう	N3
友人	N3
ゆうじん	N3
有る	N3
有効	N3
ゆうこう	N3
有能	N3
ゆうのう	N3
有利	N3
ゆうり	N3
誘う	N3
さそう	N3
郵便	N3
ゆうびん	N3
夕べ	N3
ゆうべ	N3
予期	N3
よき	N3
予算	N3
よさん	N3
予測	N3
よそく	N3
予報	N3
よほう	N3
予防	N3
よぼう	N3
余り	N3
あまり	N3
余分	N3
よぶん	N3
余裕	N3
よゆう	N3
与える	N3
あたえる	N3
預ける	N3
あずける	N3
幼い	N3
おさない	N3
容易	N3
ようい	N3
曜日	N3
ようび	N3
様	N3
様々	N3
さまざま	N3
様子	N3
ようす	N3
用いる	N3
もちいる	N3
用心	N3
ようじん	N3
要するに	N3
ようするに	N3
要求	N3
ようきゅう	N3
要素	N3
ようそ	N3
要点	N3
ようてん	N3
陽気	N3
ようき	N3
浴びる	N3
あびる	N3
翼	N3
つばさ	N3
裸	N3
はだか	N3
来	N3
らい	N3
頼る	N3
たよる	N3
雷	N3
かみなり	N3
嵐	N3
あらし	N3
利益	N3
りえき	N3
利口	N3
りこう	N3
履く	N3
理解	N3
りかい	N3
理想	N3
りそう	N3
裏切る	N3
うらぎる	N3
離す	N3
離れる	N3
はなれる	N3
離婚	N3
りこん	N3
陸	N3
りく	N3
率	N3
りつ	N3
立ち上がる	N3
たちあがる	N3
立場	N3
たちば	N3
立派	N3
りっぱ	N3
流す	N3
ながす	N3
流れ	N3
ながれ	N3
流れる	N3
ながれる	N3
流行	N3
りゅうこう	N3
留める	N3
とめる	N3
留学	N3
りゅうがく	N3
旅	N3
両替	N3
りょうがえ	N3
料金	N3
りょうきん	N3
量	N3
りょう	N3
輪	N3
わ	N3
涙	N3
なみだ	N3
例	N3
れい	N3
冷静	N3
れいせい	N3
礼	N3
礼儀	N3
れいぎ	N3
列	N3
れつ	N3
列車	N3
れっしゃ	N3
劣る	N3
おとる	N3
恋	N3
恋人	N3
こいびと	N3
練習	N3
れんしゅう	N3
連れ	N3
つれ	N3
連想	N3
れんそう	N3
連続	N3
れんぞく	N3
労働	N3
ろうどう	N3
老い	N3
おい	N3
老人	N3
ろうじん	N3
論じる	N3
ろんじる	N3
論争	N3
ろんそう	N3
論文	N3
ろんぶん	N3
話し合う	N3
はなしあう	N3
話題	N3
わだい	N3
脇	N3
わき	N3
湾	N3
わん	N3
埃	N3
罹る	N3
籠	N3
かご	N3
贅沢	N3
ぜいたく	N3
轢く	N3
ひく	N3
あいかわらず	N2
アイデア	N2
アイディア	N2
あいまい	N2
あかんぼう	N2
あきれる	N2
アクセント	N2
あくび	N2
あげる (=やる)	N2
あたりまえ	N2
あちらこちら	N2
あてはまる	N2
あてはめる	N2
あぶる	N2
あふれる	N2
あらすじ	N2
あれこれ	N2
あわただしい	N2
あわてる	N2
アンテナ	N2
いきなり	N2
イコール	N2
いちいち	N2
いつのまにか	N2
いよいよ	N2
インキ	N2
インタビュー	N2
ウーマン	N2
ウール	N2
ウエートレス	N2
うっかり	N2
うどん	N2
うろうろ	N2
うんと	N2
ええと	N2
エチケット	N2
エプロン	N2
オイル	N2
オーケストラ	N2
おおざっぱ	N2
オートメーション	N2
おかげさまで	N2
おかず	N2
おくさん	N2
おさきに	N2
おじゃまします	N2
おしゃれ	N2
おだいじに	N2
おどかす	N2
おととい	N2
おととし	N2
おとなしい	N2
おねがいします	N2
おはよう	N2
おまたせしました	N2
おまちください	N2
おまちどおさま	N2
おめでたい	N2
おやすみ	N2
おやつ	N2
オルガン	N2
お帰り	N2
おかえり	N2
お参り	N2
おまいり	N2
お手伝いさん	N2
おてつだいさん	N2
お代わり	N2
おかわり	N2
カーブ	N2
かしこまりました	N2
かじる	N2
カセット	N2
カバー	N2
ガム	N2
かゆい	N2
カラー	N2
からかう	N2
かるた	N2
カロリー	N2
かわいがる	N2
きっかけ	N2
ぎっしり	N2
ギャング	N2
キャンパス	N2
クーラー	N2
くしゃみ	N2
くたびれる	N2
くだらない	N2
くっつく	N2
くっつける	N2
くどい	N2
クリーニング	N2
くるむ	N2
くれぐれも	N2
けれど	N2
けれども	N2
こうして	N2
コース	N2
コーラス	N2
ごくろうさま	N2
こしらえる	N2
ごちそうさま	N2
こちらこそ	N2
コック	N2
こっそり	N2
こないだ	N2
こぼす	N2
こぼれる	N2
ゴム	N2
ごめんください	N2
こらえる	N2
コレクション	N2
コンクール	N2
コンクリート	N2
コンセント	N2
こんばんは	N2
サークル	N2
サイレン	N2
さきおととい	N2
さっさと	N2
さようなら	N2
サラリーマン	N2
さわやか	N2
サンプル	N2
しあさって	N2
シーズン	N2
シーツ	N2
しいんと	N2
（する）	N2
しつこい	N2
しっぽ	N2
しびれる	N2
しぼむ	N2
しみじみ	N2
ジャーナリスト	N2
しゃがむ	N2
しゃっくり	N2
シャッター	N2
しゃぶる	N2
じゃんけん	N2
じゅうたん	N2
（カーペット）	N2
ショップ	N2
シリーズ	N2
ずうずうしい	N2
スカーフ	N2
スクール	N2
すくなくとも	N2
スケジュール	N2
スタート	N2
スチュワーデス	N2
すっきり	N2
すっぱい	N2
ステージ	N2
ストッキング	N2
ストップ	N2
スピーカー	N2
スマート	N2
すまない	N2
スライド	N2
ずらす	N2
すれちがう	N2
ぜひとも	N2
ゼミ	N2
せめて	N2
セメント	N2
センチ	N2
そういえば	N2
そうして	N2
そそっかしい	N2
そのうえ	N2
そのため	N2
そのほか	N2
タイア	N2
だいいち	N2
（副）	N2
ダイヤグラム	N2
ダイヤモンド	N2
ダイヤル	N2
たちまち	N2
ダブル	N2
だます	N2
ダム	N2
ためらう	N2
だらしない	N2
たんす	N2
ちぎる	N2
チップ	N2
チョーク	N2
ついで	N2
つまずく	N2
テーマ	N2
でたらめ	N2
テニスコート	N2
テンポ	N2
どうせ	N2
どうぞよろしく	N2
どきどき	N2
とっくに	N2
どっと	N2
どなる	N2
ともかく	N2
トレーニング	N2
ナイロン	N2
なぐる	N2
なにしろ	N2
なんとなく	N2
なんとも	N2
ナンバー	N2
ねじ	N2
ネックレス	N2
のこぎり	N2
のろのろ	N2
ばからしい	N2
はきはき	N2
バケツ	N2
はじめまして	N2
パターン	N2
バック	N2
ばね	N2
はめる	N2
バランス	N2
パンツ	N2
バンド	N2
ハンドル	N2
ぴかぴか	N2
ピストル	N2
ビタミン	N2
ひとまず	N2
ひとりでに	N2
ビニール	N2
ひゃっかじてん	N2
ビルディング	N2
ピンク	N2
ファスナー	N2
ふざける	N2
ぶつかる	N2
ぶつける	N2
ぶつぶつ	N2
フライパン	N2
ブラウス	N2
ぶらさげる	N2
ブラシ	N2
プラスチック	N2
プラットホーム	N2
フリー	N2
プリント	N2
ブローチ	N2
プログラム	N2
ふわふわ	N2
へそ	N2
ベテラン	N2
ヘリコプター	N2
へる	N2
ぺん	N2
ペンチ	N2
ボーナス	N2
ポスター	N2
ほどく	N2
ぼろ	N2
まあまあ	N2
マイナス	N2
まごまご	N2
マスク	N2
またぐ	N2
まぶしい	N2
まぶた	N2
マフラー	N2
マラソン	N2
マンション	N2
みじめ	N2
ミシン	N2
みっともない	N2
ミリ	N2
（メートル）	N2
メーター	N2
めちゃくちゃ	N2
めっきり	N2
めでたい	N2
メニュー	N2
めまい	N2
モーター	N2
もしかしたら	N2
もしかすると	N2
もたれる	N2
モダン	N2
もったいない	N2
モデル	N2
モノレール	N2
やかましい	N2
やたらに	N2
やっつける	N2
やっぱり	N2
やむをえない	N2
ゆでる	N2
よこす	N2
ラッシュアワー	N2
ランチ	N2
ランニング	N2
リズム	N2
リットル	N2
リポート	N2
リボン	N2
レインコート	N2
レクリェーション	N2
レジャー	N2
レベル	N2
レンズ	N2
ローマじ	N2
ロッカー	N2
ロビー	N2
わりあいに	N2
ワンピース	N2
圧縮	N2
あっしゅく	N2
宛名	N2
あてな	N2
安易	N2
あんい	N2
案外	N2
あんがい	N2
以後	N2
いご	N2
以降	N2
いこう	N2
偉い	N2
えらい	N2
威張る	N2
いばる	N2
意義	N2
いぎ	N2
意地悪	N2
いじわる	N2
慰める	N2
なぐさめる	N2
為す	N2
なす	N2
為替	N2
かわせ	N2
移転	N2
いてん	N2
緯度	N2
いど	N2
衣食住	N2
いしょくじゅう	N2
井戸	N2
育児	N2
いくじ	N2
一応	N2
いちおう	N2
一休み	N2
ひとやすみ	N2
一昨日	N2
いっさくじつ	N2
一昨年	N2
いっさくねん	N2
一斉	N2
いっせい	N2
一旦	N2
いったん	N2
一段と	N2
いちだんと	N2
一通り	N2
ひととおり	N2
一定	N2
いってい	N2
一流	N2
いちりゅう	N2
逸れる	N2
それる	N2
因る	N2
よる	N2
引き止める	N2
ひきとめる	N2
引っ掛かる	N2
ひっかかる	N2
引っ繰り返す	N2
ひっくりかえす	N2
引っ繰り返る	N2
ひっくりかえる	N2
引っ込む	N2
ひっこむ	N2
引越し	N2
ひっこし	N2
引算	N2
ひきざん	N2
引受る	N2
ひきうける	N2
引出す	N2
ひきだす	N2
引分け	N2
ひきわけ	N2
引返す	N2
ひきかえす	N2
引力	N2
いんりょく	N2
羽根	N2
はね	N2
雨戸	N2
あまど	N2
運河	N2
うんが	N2
映す	N2
うつす	N2
映る	N2
うつる	N2
永い	N2
ながい	N2
英文	N2
えいぶん	N2
英和	N2
えいわ	N2
液体	N2
えきたい	N2
円い	N2
まるい	N2
円周	N2
えんしゅう	N2
園芸	N2
えんげい	N2
宴会	N2
えんかい	N2
延ばす	N2
のばす	N2
延びる	N2
のびる	N2
延長	N2
えんちょう	N2
演劇	N2
えんげき	N2
煙い	N2
けむい	N2
煙突	N2
えんとつ	N2
艶	N2
つや	N2
遠足	N2
えんそく	N2
塩辛い	N2
しおからい	N2
汚す	N2
よごす	N2
凹む	N2
へこむ	N2
往復	N2
おうふく	N2
応ずる	N2
おうずる	N2
応援	N2
おうえん	N2
応接	N2
おうせつ	N2
応対	N2
おうたい	N2
応用	N2
おうよう	N2
押える	N2
おさえる	N2
欧米	N2
おうべい	N2
王女	N2
おうじょ	N2
襖	N2
ふすま	N2
屋外	N2
おくがい	N2
卸す	N2
おろす	N2
恩恵	N2
おんけい	N2
温室	N2
おんしつ	N2
温泉	N2
おんせん	N2
温帯	N2
おんたい	N2
下る	N2
くだる	N2
下降	N2
かこう	N2
下車	N2
げしゃ	N2
下旬	N2
げじゅん	N2
下書き	N2
したがき	N2
下水	N2
げすい	N2
下線	N2
かせん	N2
下駄	N2
げた	N2
下町	N2
したまち	N2
下品	N2
げひん	N2
仮定	N2
かてい	N2
仮名	N2
かな	N2
仮名遣い	N2
かなづかい	N2
何々	N2
なになに	N2
何分	N2
なにぶん	N2
加速	N2
かそく	N2
加速度	N2
かそくど	N2
加熱	N2
かねつ	N2
可決	N2
かけつ	N2
家屋	N2
かおく	N2
家主	N2
やぬし	N2
果して	N2
はたして	N2
果実	N2
かじつ	N2
架空	N2
かくう	N2
歌謡	N2
かよう	N2
火口	N2
火山	N2
かざん	N2
火傷	N2
やけど	N2
花嫁	N2
はなよめ	N2
花火	N2
はなび	N2
課税	N2
かぜい	N2
課程	N2
貨物	N2
かもつ	N2
過失	N2
かしつ	N2
過剰	N2
かじょう	N2
過程	N2
過半数	N2
かはんすう	N2
蚊	N2
か	N2
俄	N2
にわか	N2
会館	N2
かいかん	N2
解散	N2
かいさん	N2
解説	N2
かいせつ	N2
解答	N2
かいとう	N2
解放	N2
かいほう	N2
回り道	N2
まわりみち	N2
回数	N2
かいすう	N2
回数券	N2
かいすうけん	N2
回転	N2
かいてん	N2
回答	N2
塊	N2
かたまり	N2
快晴	N2
かいせい	N2
怪しい	N2
あやしい	N2
悔しい	N2
くやしい	N2
悔やむ	N2
くやむ	N2
懐かしい	N2
なつかしい	N2
改めて	N2
あらためて	N2
改める	N2
あらためる	N2
改札	N2
かいさつ	N2
改正	N2
改造	N2
かいぞう	N2
海水浴	N2
かいすいよく	N2
海洋	N2
かいよう	N2
灰色	N2
はいいろ	N2
絵の具	N2
えのぐ	N2
開会	N2
かいかい	N2
開通	N2
かいつう	N2
開放	N2
貝	N2
かい	N2
外れる	N2
はずれる	N2
外科	N2
げか	N2
外部	N2
がいぶ	N2
概論	N2
がいろん	N2
蓋	N2
ふた	N2
街角	N2
まちかど	N2
垣根	N2
かきね	N2
各々	N2
おのおの	N2
各自	N2
かくじ	N2
各地	N2
かくち	N2
拡充	N2
かくじゅう	N2
拡張	N2
かくちょう	N2
格別	N2
かくべつ	N2
殻	N2
から	N2
確率	N2
かくりつ	N2
角度	N2
かくど	N2
隔てる	N2
へだてる	N2
学科	N2
がっか	N2
学会	N2
がっかい	N2
学級	N2
がっきゅう	N2
学術	N2
がくじゅつ	N2
学年	N2
がくねん	N2
学部	N2
がくぶ	N2
学力	N2
がくりょく	N2
楽器	N2
がっき	N2
掛け算	N2
かけざん	N2
割と	N2
わりと	N2
割引	N2
わりびき	N2
割算	N2
わりざん	N2
括弧	N2
かっこ	N2
活字	N2
かつじ	N2
活躍	N2
かつやく	N2
活力	N2
かつりょく	N2
渇く	N2
かわく	N2
釜	N2
かま	N2
瓦	N2
かわら	N2
乾かす	N2
かわかす	N2
乾燥	N2
かんそう	N2
乾電池	N2
かんでんち	N2
乾杯	N2
かんぱい	N2
冠	N2
かんむり	N2
寒帯	N2
かんたい	N2
勘違い	N2
かんちがい	N2
巻く	N2
まく	N2
官庁	N2
かんちょう	N2
干す	N2
ほす	N2
感ずる	N2
かんずる	N2
感激	N2
かんげき	N2
感想	N2
換気	N2
かんき	N2
漢和	N2
かんわ	N2
甘やかす	N2
あまやかす	N2
看板	N2
かんばん	N2
看病	N2
かんびょう	N2
緩い	N2
ゆるい	N2
缶詰	N2
かんづめ	N2
観測	N2
かんそく	N2
観念	N2
かんねん	N2
鑑賞	N2
かんしょう	N2
間も無く	N2
まもなく	N2
間隔	N2
かんかく	N2
間接	N2
かんせつ	N2
関東	N2
かんとう	N2
含める	N2
ふくめる	N2
危うい	N2
あやうい	N2
器械	N2
きかい	N2
器具	N2
きぐ	N2
基準	N2
きじゅん	N2
基礎	N2
きそ	N2
基地	N2
きち	N2
基盤	N2
きばん	N2
寄せる	N2
よせる	N2
幾分	N2
いくぶん	N2
期限	N2
きげん	N2
機関車	N2
きかんしゃ	N2
帰す	N2
かえす	N2
気を付ける	N2
きをつける	N2
気圧	N2
きあつ	N2
気体	N2
きたい	N2
気配	N2
けはい	N2
稀	N2
まれ	N2
規準	N2
規律	N2
きりつ	N2
記号	N2
きごう	N2
起床	N2
きしょう	N2
飢える	N2
うえる	N2
飢饉	N2
ききん	N2
儀式	N2
ぎしき	N2
詰まる	N2
つまる	N2
却って	N2
かえって	N2
客間	N2
きゃくま	N2
客席	N2
きゃくせき	N2
逆さ	N2
さかさ	N2
逆様	N2
さかさま	N2
休業	N2
きゅうぎょう	N2
休講	N2
きゅうこう	N2
休息	N2
きゅうそく	N2
休養	N2
きゅうよう	N2
汲む	N2
くむ	N2
給与	N2
きゅうよ	N2
挙げる	N2
あげる	N2
漁業	N2
ぎょぎょう	N2
漁師	N2
りょうし	N2
競馬	N2
けいば	N2
境界	N2
きょうかい	N2
強引	N2
ごういん	N2
強化	N2
きょうか	N2
強気	N2
つよき	N2
恐縮	N2
きょうしゅく	N2
挟まる	N2
はさまる	N2
挟む	N2
はさむ	N2
教わる	N2
おそわる	N2
教養	N2
きょうよう	N2
蕎麦	N2
そば	N2
響き	N2
ひびき	N2
響く	N2
ひびく	N2
驚かす	N2
おどろかす	N2
曲げる	N2
まげる	N2
曲線	N2
きょくせん	N2
琴	N2
こと	N2
近々	N2
ちかぢか	N2
近寄る	N2
ちかよる	N2
近付ける	N2
ちかづける	N2
金魚	N2
きんぎょ	N2
句読点	N2
くとうてん	N2
区域	N2
くいき	N2
区切る	N2
くぎる	N2
区分	N2
くぶん	N2
苦情	N2
くじょう	N2
苦心	N2
くしん	N2
具える	N2
そなえる	N2
空っぽ	N2
からっぽ	N2
空想	N2
くうそう	N2
空中	N2
くうちゅう	N2
偶数	N2
ぐうすう	N2
櫛	N2
くし	N2
屑	N2
くず	N2
掘る	N2
ほる	N2
群れ	N2
むれ	N2
郡	N2
ぐん	N2
係わる	N2
かかわる	N2
傾く	N2
かたむく	N2
形式	N2
けいしき	N2
形容詞	N2
けいようし	N2
形容動詞	N2
けいようどうし	N2
恵まれる	N2
めぐまれる	N2
慶び	N2
よろこび	N2
敬う	N2
うやまう	N2
敬語	N2
けいご	N2
稽古	N2
けいこ	N2
系統	N2
けいとう	N2
経度	N2
けいど	N2
継続	N2
けいぞく	N2
繋がり	N2
つながり	N2
繋がる	N2
つながる	N2
繋げる	N2
つなげる	N2
蛍光灯	N2
けいこうとう	N2
警備	N2
けいび	N2
芸能	N2
げいのう	N2
激増	N2
げきぞう	N2
隙間	N2
すきま	N2
桁	N2
けた	N2
傑作	N2
けっさく	N2
血圧	N2
けつあつ	N2
血液	N2
けつえき	N2
月給	N2
げっきゅう	N2
月日	N2
つきひ	N2
月末	N2
げつまつ	N2
兼ねる	N2
かねる	N2
堅い	N2
かたい	N2
嫌がる	N2
いやがる	N2
建つ	N2
たつ	N2
献立	N2
こんだて	N2
研修	N2
けんしゅう	N2
県庁	N2
けんちょう	N2
見下ろす	N2
みおろす	N2
見学	N2
けんがく	N2
見掛け	N2
みかけ	N2
見慣れる	N2
みなれる	N2
見出し	N2
みだし	N2
見送る	N2
みおくる	N2
見直す	N2
みなおす	N2
見付かる	N2
みつかる	N2
見付ける	N2
みつける	N2
見舞う	N2
みまう	N2
見本	N2
みほん	N2
謙虚	N2
けんきょ	N2
謙遜	N2
けんそん	N2
険しい	N2
けわしい	N2
顕微鏡	N2
けんびきょう	N2
元々	N2
もともと	N2
原稿	N2
げんこう	N2
原産	N2
げんさん	N2
原始	N2
げんし	N2
原理	N2
げんり	N2
原料	N2
げんりょう	N2
厳重	N2
げんじゅう	N2
現に	N2
げんに	N2
言い出す	N2
いいだす	N2
言い付ける	N2
いいつける	N2
言付ける	N2
ことづける	N2
言葉遣い	N2
ことばづかい	N2
限度	N2
げんど	N2
個所	N2
かしょ	N2
個体	N2
こたい	N2
古典	N2
こてん	N2
呼び掛ける	N2
よびかける	N2
呼び出す	N2
よびだす	N2
固い	N2
固まる	N2
かたまる	N2
戸棚	N2
とだな	N2
枯れる	N2
かれる	N2
糊	N2
のり	N2
胡椒	N2
こしょう	N2
五十音	N2
ごじゅうおん	N2
娯楽	N2
ごらく	N2
後輩	N2
こうはい	N2
御辞儀	N2
おじぎ	N2
御手洗	N2
おてあらい	N2
御馳走	N2
ごちそう	N2
御中	N2
おんちゅう	N2
御無沙汰	N2
ごぶさた	N2
御免	N2
ごめん	N2
御覧	N2
ごらん	N2
碁	N2
ご	N2
交ざる	N2
まざる	N2
交じる	N2
まじる	N2
交ぜる	N2
まぜる	N2
交差	N2
こうさ	N2
交替	N2
こうたい	N2
交通機関	N2
こうつうきかん	N2
交流	N2
こうりゅう	N2
光線	N2
こうせん	N2
公害	N2
こうがい	N2
公共	N2
こうきょう	N2
公式	N2
こうしき	N2
公衆	N2
こうしゅう	N2
公正	N2
こうせい	N2
公表	N2
こうひょう	N2
公務	N2
こうむ	N2
功績	N2
こうせき	N2
効力	N2
こうりょく	N2
厚かましい	N2
あつかましい	N2
口紅	N2
くちべに	N2
口実	N2
こうじつ	N2
向う	N2
むかう	N2
好き嫌い	N2
すききらい	N2
好き好き	N2
すきずき	N2
孝行	N2
こうこう	N2
工員	N2
こういん	N2
工芸	N2
こうげい	N2
工事	N2
こうじ	N2
工夫	N2
くふう	N2
広々	N2
ひろびろ	N2
広げる	N2
ひろげる	N2
広さ	N2
ひろさ	N2
広める	N2
ひろめる	N2
広場	N2
ひろば	N2
攻める	N2
せめる	N2
更ける	N2
ふける	N2
校舎	N2
こうしゃ	N2
校庭	N2
こうてい	N2
構造	N2
こうぞう	N2
紅葉	N2
こうよう	N2
絞る	N2
しぼる	N2
綱	N2
つな	N2
耕す	N2
たがやす	N2
耕地	N2
こうち	N2
肯定	N2
荒い	N2
あらい	N2
行事	N2
ぎょうじ	N2
行列	N2
ぎょうれつ	N2
講師	N2
こうし	N2
鉱物	N2
こうぶつ	N2
項目	N2
こうもく	N2
香水	N2
こうすい	N2
高める	N2
たかめる	N2
高級	N2
こうきゅう	N2
高層	N2
こうそう	N2
高度	N2
こうど	N2
高等	N2
こうとう	N2
合同	N2
ごうどう	N2
合理	N2
ごうり	N2
合流	N2
ごうりゅう	N2
刻む	N2
きざむ	N2
国王	N2
こくおう	N2
国籍	N2
こくせき	N2
国立	N2
こくりつ	N2
腰掛け	N2
こしかけ	N2
腰掛ける	N2
こしかける	N2
恨み	N2
うらみ	N2
恨む	N2
うらむ	N2
混ざる	N2
混じる	N2
混ぜる	N2
混合	N2
こんごう	N2
紺	N2
こん	N2
差し引き	N2
さしひき	N2
差し支え	N2
さしつかえ	N2
座布団	N2
ざぶとん	N2
座敷	N2
ざしき	N2
催し	N2
もよおし	N2
催促	N2
さいそく	N2
再三	N2
さいさん	N2
再来月	N2
さらいげつ	N2
再来週	N2
さらいしゅう	N2
再来年	N2
さらいねん	N2
塞がる	N2
ふさがる	N2
塞ぐ	N2
ふさぐ	N2
採る	N2
とる	N2
採点	N2
さいてん	N2
災難	N2
さいなん	N2
砕く	N2
くだく	N2
砕ける	N2
くだける	N2
祭る	N2
まつる	N2
祭日	N2
さいじつ	N2
裁縫	N2
さいほう	N2
載せる	N2
のせる	N2
載る	N2
のる	N2
在る	N2
ある	N2
在学	N2
ざいがく	N2
材木	N2
ざいもく	N2
作る	N2
つくる	N2
造る	N2
作者	N2
さくしゃ	N2
作成	N2
さくせい	N2
作製	N2
削る	N2
けずる	N2
削除	N2
さくじょ	N2
索引	N2
さくいん	N2
匙	N2
さじ	N2
刷る	N2
する	N2
撮影	N2
さつえい	N2
擦る	N2
こする	N2
雑音	N2
ざつおん	N2
雑巾	N2
ぞうきん	N2
錆	N2
さび	N2
錆びる	N2
さびる	N2
三角	N2
さんかく	N2
三日月	N2
みかづき	N2
山林	N2
さんりん	N2
撒く	N2
散らかす	N2
ちらかす	N2
散らかる	N2
ちらかる	N2
散らす	N2
ちらす	N2
散る	N2
ちる	N2
産地	N2
さんち	N2
算数	N2
さんすう	N2
算盤	N2
そろばん	N2
酸性	N2
さんせい	N2
斬る	N2
きる	N2
残らず	N2
のこらず	N2
仕上がる	N2
しあがる	N2
刺さる	N2
ささる	N2
刺す	N2
さす	N2
刺身	N2
さしみ	N2
司会	N2
しかい	N2
四つ角	N2
よつかど	N2
四角	N2
しかく	N2
四角い	N2
しかくい	N2
四季	N2
しき	N2
四捨五入	N2
ししゃごにゅう	N2
始めに	N2
はじめに	N2
始終	N2
しじゅう	N2
姿勢	N2
しせい	N2
子孫	N2
しそん	N2
思い掛けない	N2
おもいがけない	N2
思い込む	N2
おもいこむ	N2
思い付く	N2
おもいつく	N2
指定	N2
してい	N2
死体	N2
したい	N2
氏名	N2
しめい	N2
私鉄	N2
してつ	N2
私立	N2
しりつ	N2
紙屑	N2
かみくず	N2
紙幣	N2
しへい	N2
紫	N2
むらさき	N2
脂	N2
あぶら	N2
至急	N2
しきゅう	N2
資料	N2
しりょう	N2
歯車	N2
はぐるま	N2
歯磨き	N2
はみがき	N2
児童	N2
じどう	N2
寺院	N2
じいん	N2
持参	N2
じさん	N2
時間割	N2
じかんわり	N2
時速	N2
じそく	N2
次ぐ	N2
つぐ	N2
治す	N2
なおす	N2
治める	N2
おさめる	N2
磁石	N2
じしゃく	N2
自衛	N2
じえい	N2
自治	N2
じち	N2
自習	N2
じしゅう	N2
自然科学	N2
しぜんかがく	N2
蒔く	N2
執筆	N2
しっぴつ	N2
失恋	N2
しつれん	N2
湿る	N2
しめる	N2
湿気	N2
しっけ	N2
湿度	N2
しつど	N2
実る	N2
みのる	N2
実感	N2
じっかん	N2
実習	N2
じっしゅう	N2
実績	N2
じっせき	N2
実物	N2
じつぶつ	N2
実用	N2
じつよう	N2
実力	N2
じつりょく	N2
実例	N2
じつれい	N2
縞	N2
しま	N2
写る	N2
写生	N2
しゃせい	N2
射す	N2
斜め	N2
ななめ	N2
煮える	N2
にえる	N2
煮る	N2
にる	N2
社会科学	N2
しゃかいかがく	N2
社説	N2
しゃせつ	N2
車庫	N2
しゃこ	N2
車掌	N2
しゃしょう	N2
車輪	N2
しゃりん	N2
蛇口	N2
じゃぐち	N2
酌む	N2
若々しい	N2
わかわかしい	N2
弱点	N2
じゃくてん	N2
主語	N2
しゅご	N2
主役	N2
しゅやく	N2
取り出す	N2
とりだす	N2
取り消す	N2
とりけす	N2
取り入れる	N2
とりいれる	N2
手頃	N2
てごろ	N2
手首	N2
てくび	N2
手拭い	N2
てぬぐい	N2
手洗い	N2
てあらい	N2
手前	N2
てまえ	N2
手続き	N2
てつづき	N2
手帳	N2
てちょう	N2
手入れ	N2
ていれ	N2
酒場	N2
さかば	N2
受け持つ	N2
うけもつ	N2
受験	N2
じゅけん	N2
受取	N2
うけとり	N2
受話器	N2
じゅわき	N2
寿命	N2
じゅみょう	N2
周辺	N2
しゅうへん	N2
就任	N2
しゅうにん	N2
修繕	N2
しゅうぜん	N2
終点	N2
しゅうてん	N2
終了	N2
しゅうりょう	N2
習字	N2
しゅうじ	N2
蹴る	N2
ける	N2
集会	N2
しゅうかい	N2
集金	N2
しゅうきん	N2
集合	N2
しゅうごう	N2
醜い	N2
みにくい	N2
住まい	N2
すまい	N2
住居	N2
じゅうきょ	N2
従姉妹	N2
いとこ	N2
汁	N2
しる	N2
重たい	N2
おもたい	N2
重なる	N2
かさなる	N2
重ねる	N2
かさねる	N2
重体	N2
じゅうたい	N2
重点	N2
じゅうてん	N2
重役	N2
じゅうやく	N2
重量	N2
じゅうりょう	N2
重力	N2
じゅうりょく	N2
叔父さん	N2
おじさん	N2
叔母さん	N2
おばさん	N2
祝日	N2
しゅくじつ	N2
縮む	N2
ちぢむ	N2
縮める	N2
ちぢめる	N2
縮れる	N2
ちぢれる	N2
縮小	N2
しゅくしょう	N2
熟語	N2
じゅくご	N2
出掛ける	N2
でかける	N2
出勤	N2
しゅっきん	N2
出迎え	N2
でむかえ	N2
出迎える	N2
でむかえる	N2
出合い	N2
であい	N2
出張	N2
しゅっちょう	N2
出入り	N2
でいり	N2
出入口	N2
でいりぐち	N2
出来上がり	N2
できあがり	N2
出来上がる	N2
できあがる	N2
述語	N2
じゅつご	N2
循環	N2
じゅんかん	N2
純情	N2
じゅんじょう	N2
純粋	N2
じゅんすい	N2
巡る	N2
めぐる	N2
巡査	N2
じゅんさ	N2
順々	N2
じゅんじゅん	N2
順序	N2
じゅんじょ	N2
初級	N2
しょきゅう	N2
初旬	N2
しょじゅん	N2
所々	N2
ところどころ	N2
書取	N2
かきとり	N2
書籍	N2
しょせき	N2
書店	N2
しょてん	N2
書道	N2
しょどう	N2
書留	N2
かきとめ	N2
助かる	N2
たすかる	N2
助教授	N2
じょきょうじゅ	N2
女の人	N2
おんなのひと	N2
女房	N2
にょうぼう	N2
勝敗	N2
しょうはい	N2
勝負	N2
しょうぶ	N2
商業	N2
しょうぎょう	N2
商社	N2
しょうしゃ	N2
商店	N2
しょうてん	N2
将棋	N2
しょうぎ	N2
小学生	N2
しょうがくせい	N2
小遣い	N2
こづかい	N2
小指	N2
こゆび	N2
小数	N2
しょうすう	N2
小父さん	N2
小便	N2
しょうべん	N2
床の間	N2
とこのま	N2
床屋	N2
とこや	N2
承る	N2
うけたまわる	N2
消化	N2
しょうか	N2
消極的	N2
しょうきょくてき	N2
消毒	N2
しょうどく	N2
消防署	N2
しょうぼうしょ	N2
消耗	N2
しょうもう	N2
焦がす	N2
こがす	N2
焦げる	N2
こげる	N2
焦点	N2
照らす	N2
てらす	N2
照る	N2
てる	N2
省略	N2
しょうりゃく	N2
賞金	N2
しょうきん	N2
賞品	N2
しょうひん	N2
醤油	N2
しょうゆ	N2
鐘	N2
かね	N2
障子	N2
しょうじ	N2
上り	N2
のぼり	N2
上る	N2
のぼる	N2
上下	N2
じょうげ	N2
上級	N2
じょうきゅう	N2
上旬	N2
じょうじゅん	N2
乗換	N2
のりかえ	N2
乗車	N2
じょうしゃ	N2
畳む	N2
たたむ	N2
蒸し暑い	N2
むしあつい	N2
蒸す	N2
むす	N2
蒸気	N2
じょうき	N2
蒸発	N2
じょうはつ	N2
飾り	N2
かざり	N2
拭く	N2
ふく	N2
植木	N2
うえき	N2
殖える	N2
ふえる	N2
殖やす	N2
ふやす	N2
職人	N2
しょくにん	N2
食塩	N2
しょくえん	N2
食器	N2
しょっき	N2
信ずる	N2
しんずる	N2
侵入	N2
しんにゅう	N2
唇	N2
くちびる	N2
寝巻	N2
ねまき	N2
寝間着	N2
寝台	N2
しんだい	N2
心身	N2
しんしん	N2
心当たり	N2
こころあたり	N2
心得る	N2
こころえる	N2
振り仮名	N2
ふりがな	N2
振舞う	N2
ふるまう	N2
新幹線	N2
しんかんせん	N2
森林	N2
しんりん	N2
浸ける	N2
つける	N2
深まる	N2
ふかまる	N2
深夜	N2
しんや	N2
申し訳ない	N2
もうしわけない	N2
申請	N2
しんせい	N2
真っ暗	N2
まっくら	N2
真っ黒	N2
まっくろ	N2
真っ青	N2
まっさお	N2
真っ先	N2
まっさき	N2
真っ白	N2
まっしろ	N2
真空	N2
しんくう	N2
真似る	N2
まねる	N2
神様	N2
かみさま	N2
神話	N2
しんわ	N2
芯	N2
しん	N2
親指	N2
おやゆび	N2
親類	N2
しんるい	N2
診る	N2
みる	N2
診断	N2
しんだん	N2
身分	N2
みぶん	N2
針金	N2
はりがね	N2
針路	N2
しんろ	N2
人差指	N2
ひとさしゆび	N2
人造	N2
じんぞう	N2
人通り	N2
ひとどおり	N2
人文科学	N2
じんぶんかがく	N2
人命	N2
じんめい	N2
塵芥	N2
ごみ	N2
塵紙	N2
ちりがみ	N2
甚だしい	N2
はなはだしい	N2
酢	N2
す	N2
図鑑	N2
ずかん	N2
図形	N2
ずけい	N2
図表	N2
ずひょう	N2
吹雪	N2
ふぶき	N2
垂直	N2
すいちょく	N2
推定	N2
すいてい	N2
水産	N2
すいさん	N2
水蒸気	N2
すいじょうき	N2
水素	N2
すいそ	N2
水滴	N2
すいてき	N2
水筒	N2
すいとう	N2
水分	N2
すいぶん	N2
水平	N2
すいへい	N2
水平線	N2
すいへいせん	N2
水曜	N2
すいよう	N2
炊く	N2
たく	N2
炊事	N2
すいじ	N2
酔っ払い	N2
よっぱらい	N2
随筆	N2
ずいひつ	N2
杉	N2
すぎ	N2
澄む	N2
すむ	N2
寸法	N2
すんぽう	N2
瀬戸物	N2
せともの	N2
制作	N2
せいさく	N2
姓	N2
せい	N2
性質	N2
せいしつ	N2
性能	N2
せいのう	N2
性別	N2
せいべつ	N2
成分	N2
せいぶん	N2
成立	N2
せいりつ	N2
政党	N2
せいとう	N2
整う	N2
ととのう	N2
整数	N2
せいすう	N2
整備	N2
せいび	N2
正方形	N2
せいほうけい	N2
正味	N2
しょうみ	N2
正面	N2
しょうめん	N2
正門	N2
せいもん	N2
清い	N2
きよい	N2
清書	N2
せいしょ	N2
清掃	N2
せいそう	N2
生える	N2
はえる	N2
生き生き	N2
いきいき	N2
生け花	N2
いけばな	N2
生ずる	N2
しょうずる	N2
生る	N2
なる	N2
生意気	N2
なまいき	N2
生存	N2
せいぞん	N2
生長	N2
せいちょう	N2
生年月日	N2
せいねんがっぴ	N2
盛る	N2
もる	N2
製作	N2
西暦	N2
せいれき	N2
誓う	N2
ちかう	N2
請う	N2
こう	N2
青少年	N2
せいしょうねん	N2
青白い	N2
あおじろい	N2
静まる	N2
しずまる	N2
税関	N2
ぜいかん	N2
惜しい	N2
おしい	N2
石鹸	N2
せっけん	N2
積む	N2
つむ	N2
赤道	N2
せきどう	N2
接する	N2
せっする	N2
接近	N2
せっきん	N2
接続	N2
せつぞく	N2
折角	N2
せっかく	N2
絶えず	N2
たえず	N2
先々月	N2
せんせんげつ	N2
先祖	N2
せんぞ	N2
先端	N2
せんたん	N2
先程	N2
さきほど	N2
先頭	N2
せんとう	N2
占う	N2
うらなう	N2
宣伝	N2
せんでん	N2
専制	N2
せんせい	N2
尖る	N2
とがる	N2
扇ぐ	N2
あおぐ	N2
扇子	N2
せんす	N2
扇風機	N2
せんぷうき	N2
栓	N2
せん	N2
洗剤	N2
せんざい	N2
潜る	N2
もぐる	N2
煎る	N2
いる	N2
線路	N2
せんろ	N2
羨ましい	N2
うらやましい	N2
羨む	N2
うらやむ	N2
船便	N2
ふなびん	N2
前後	N2
ぜんご	N2
漸く	N2
ようやく	N2
全集	N2
ぜんしゅう	N2
全身	N2
ぜんしん	N2
全般	N2
ぜんぱん	N2
狙い	N2
ねらい	N2
狙う	N2
ねらう	N2
祖先	N2
そせん	N2
粗い	N2
素質	N2
そしつ	N2
素人	N2
しろうと	N2
素直	N2
すなお	N2
組み立てる	N2
くみたてる	N2
組合せ	N2
くみあわせ	N2
蘇る	N2
よみがえる	N2
遡る	N2
さかのぼる	N2
創作	N2
そうさく	N2
倉庫	N2
そうこ	N2
捜す	N2
さがす	N2
掃く	N2
はく	N2
挿す	N2
掻く	N2
かく	N2
早口	N2
はやくち	N2
早速	N2
さっそく	N2
争う	N2
あらそう	N2
相違	N2
そうい	N2
相互	N2
そうご	N2
相撲	N2
すもう	N2
窓口	N2
まどぐち	N2
総理大臣	N2
そうりだいじん	N2
草履	N2
ぞうり	N2
葬式	N2
そうしき	N2
送り仮名	N2
おくりがな	N2
送別	N2
そうべつ	N2
送料	N2
そうりょう	N2
遭う	N2
あう	N2
騒々しい	N2
そうぞうしい	N2
騒がしい	N2
さわがしい	N2
増やす	N2
増減	N2
ぞうげん	N2
増大	N2
ぞうだい	N2
憎い	N2
にくい	N2
憎む	N2
にくむ	N2
憎らしい	N2
にくらしい	N2
造船	N2
ぞうせん	N2
測る	N2
はかる	N2
測定	N2
そくてい	N2
測量	N2
そくりょう	N2
足る	N2
たる	N2
足跡	N2
あしあと	N2
足袋	N2
たび	N2
速達	N2
そくたつ	N2
速力	N2
そくりょく	N2
属する	N2
ぞくする	N2
続々	N2
ぞくぞく	N2
卒直	N2
そっちょく	N2
揃う	N2
そろう	N2
揃える	N2
そろえる	N2
存じる	N2
ぞんじる	N2
損得	N2
そんとく	N2
太鼓	N2
たいこ	N2
妥当	N2
だとう	N2
打ち消す	N2
うちけす	N2
打合せ	N2
うちあわせ	N2
楕円	N2
だえん	N2
体系	N2
たいけい	N2
体制	N2
たいせい	N2
体積	N2
たいせき	N2
体操	N2
たいそう	N2
対策	N2
たいさく	N2
対照	N2
たいしょう	N2
待ち合わせる	N2
まちあわせる	N2
待合室	N2
まちあいしつ	N2
怠る	N2
おこたる	N2
貸し出し	N2
かしだし	N2
貸家	N2
かしや	N2
貸間	N2
かしま	N2
退く	N2
どく	N2
退ける	N2
どける	N2
退院	N2
たいいん	N2
代える	N2
かえる	N2
代る	N2
かわる	N2
代名詞	N2
だいめいし	N2
大して	N2
たいして	N2
大学院	N2
だいがくいん	N2
大工	N2
だいく	N2
大小	N2
だいしょう	N2
大層	N2
大通り	N2
おおどおり	N2
大分	N2
だいぶん	N2
大凡	N2
おおよそ	N2
大木	N2
たいぼく	N2
題名	N2
だいめい	N2
滝	N2
たき	N2
濁る	N2
にごる	N2
只	N2
ただ	N2
但し	N2
ただし	N2
脱線	N2
だっせん	N2
単数	N2
たんすう	N2
担ぐ	N2
かつぐ	N2
探る	N2
さぐる	N2
淡水	N2
たんすい	N2
炭鉱	N2
たんこう	N2
短期	N2
たんき	N2
短所	N2
たんしょ	N2
短編	N2
たんぺん	N2
団地	N2
だんち	N2
断水	N2
だんすい	N2
断定	N2
だんてい	N2
暖まる	N2
あたたまる	N2
暖める	N2
あたためる	N2
段階	N2
だんかい	N2
知合い	N2
しりあい	N2
知人	N2
ちじん	N2
地下水	N2
ちかすい	N2
地質	N2
ちしつ	N2
地帯	N2
ちたい	N2
地点	N2
ちてん	N2
地盤	N2
じばん	N2
地味	N2
じみ	N2
地名	N2
ちめい	N2
竹	N2
たけ	N2
蓄える	N2
たくわえる	N2
茶碗	N2
ちゃわん	N2
着々	N2
ちゃくちゃく	N2
着ける	N2
着せる	N2
きせる	N2
着替え	N2
きがえ	N2
中間	N2
ちゅうかん	N2
中指	N2
なかゆび	N2
中旬	N2
ちゅうじゅん	N2
中身	N2
なかみ	N2
中世	N2
ちゅうせい	N2
中性	N2
中途	N2
ちゅうと	N2
中年	N2
ちゅうねん	N2
中味	N2
仲直り	N2
なかなおり	N2
仲良し	N2
なかよし	N2
抽象	N2
ちゅうしょう	N2
昼寝	N2
ひるね	N2
注す	N2
著す	N2
あらわす	N2
貯蔵	N2
ちょぞう	N2
張り切る	N2
はりきる	N2
彫る	N2
彫刻	N2
ちょうこく	N2
調整	N2
ちょうせい	N2
調節	N2
ちょうせつ	N2
調味料	N2
ちょうみりょう	N2
超える	N2
こえる	N2
超す	N2
こす	N2
超過	N2
ちょうか	N2
跳ねる	N2
はねる	N2
跳ぶ	N2
とぶ	N2
長引く	N2
ながびく	N2
長所	N2
ちょうしょ	N2
長女	N2
ちょうじょ	N2
長短	N2
ちょうたん	N2
長男	N2
ちょうなん	N2
長方形	N2
ちょうほうけい	N2
頂点	N2
ちょうてん	N2
直角	N2
ちょっかく	N2
直径	N2
ちょっけい	N2
直後	N2
ちょくご	N2
直線	N2
ちょくせん	N2
直前	N2
ちょくぜん	N2
直通	N2
ちょくつう	N2
直流	N2
ちょくりゅう	N2
追い越す	N2
おいこす	N2
追い掛ける	N2
おいかける	N2
追加	N2
ついか	N2
通り掛かる	N2
とおりかかる	N2
通貨	N2
つうか	N2
通勤	N2
つうきん	N2
通知	N2
つうち	N2
通帳	N2
つうちょう	N2
通訳	N2
つうやく	N2
通用	N2
つうよう	N2
通路	N2
つうろ	N2
潰す	N2
つぶす	N2
潰れる	N2
つぶれる	N2
爪	N2
つめ	N2
吊す	N2
つるす	N2
吊る	N2
つる	N2
釣り合う	N2
つりあう	N2
低下	N2
ていか	N2
停止	N2
ていし	N2
停車	N2
ていしゃ	N2
停電	N2
ていでん	N2
剃る	N2
そる	N2
剃刀	N2
かみそり	N2
定員	N2
ていいん	N2
定価	N2
定期券	N2
ていきけん	N2
定規	N2
じょうぎ	N2
定休日	N2
ていきゅうび	N2
梯子	N2
はしご	N2
締め切る	N2
しめきる	N2
締切	N2
しめきり	N2
釘	N2
くぎ	N2
的確	N2
てきかく	N2
適確	N2
鉄橋	N2
てっきょう	N2
鉄砲	N2
てっぽう	N2
天皇	N2
てんのう	N2
展開	N2
てんかい	N2
店屋	N2
みせや	N2
纏まる	N2
まとまる	N2
纏める	N2
まとめる	N2
転がす	N2
ころがす	N2
転がる	N2
ころがる	N2
点々	N2
てんてん	N2
点く	N2
つく	N2
点ける	N2
点数	N2
てんすう	N2
伝わる	N2
つたわる	N2
伝記	N2
でんき	N2
伝染	N2
でんせん	N2
田ぼ	N2
たんぼ	N2
田植え	N2
たうえ	N2
電球	N2
でんきゅう	N2
電池	N2
でんち	N2
電柱	N2
でんちゅう	N2
電波	N2
でんぱ	N2
電流	N2
でんりゅう	N2
電力	N2
でんりょく	N2
吐き気	N2
はきけ	N2
登場	N2
とうじょう	N2
都心	N2
としん	N2
努める	N2
つとめる	N2
凍える	N2
こごえる	N2
投書	N2
とうしょ	N2
東西	N2
とうざい	N2
東洋	N2
とうよう	N2
盗難	N2
とうなん	N2
湯飲み	N2
ゆのみ	N2
湯気	N2
ゆげ	N2
灯台	N2
とうだい	N2
灯油	N2
とうゆ	N2
当日	N2
とうじつ	N2
当番	N2
とうばん	N2
等分	N2
とうぶん	N2
統一	N2
とういつ	N2
統計	N2
とうけい	N2
討つ	N2
うつ	N2
踏切	N2
ふみきり	N2
逃がす	N2
にがす	N2
透き通る	N2
すきとおる	N2
透明	N2
とうめい	N2
頭脳	N2
ずのう	N2
動作	N2
どうさ	N2
同格	N2
どうかく	N2
憧れる	N2
あこがれる	N2
瞳	N2
ひとみ	N2
童話	N2
どうわ	N2
道順	N2
みちじゅん	N2
銅	N2
どう	N2
峠	N2
とうげ	N2
特殊	N2
とくしゅ	N2
特色	N2
とくしょく	N2
特長	N2
とくちょう	N2
特定	N2
とくてい	N2
特売	N2
とくばい	N2
独り言	N2
ひとりごと	N2
凸凹	N2
でこぼこ	N2
突き当たり	N2
つきあたり	N2
突き当たる	N2
つきあたる	N2
突く	N2
突っ込む	N2
つっこむ	N2
呑気	N2
のんき	N2
鈍い	N2
にぶい	N2
内科	N2
ないか	N2
内線	N2
ないせん	N2
謎謎	N2
なぞなぞ	N2
馴れる	N2
なれる	N2
南極	N2
なんきょく	N2
南米	N2
なんべい	N2
南北	N2
なんぼく	N2
軟らかい	N2
やわらかい	N2
匂う	N2
におう	N2
虹	N2
にじ	N2
日の出	N2
ひので	N2
日の入り	N2
ひのいり	N2
日陰	N2
ひかげ	N2
日課	N2
にっか	N2
日帰り	N2
ひがえり	N2
日時	N2
にちじ	N2
日程	N2
にってい	N2
日当たり	N2
ひあたり	N2
日日	N2
ひにち	N2
日用品	N2
にちようひん	N2
入れ物	N2
いれもの	N2
入社	N2
にゅうしゃ	N2
濡らす	N2
ぬらす	N2
熱する	N2
ねっする	N2
年度	N2
ねんど	N2
捻る	N2
ひねる	N2
燃やす	N2
もやす	N2
濃度	N2
のうど	N2
納める	N2
能率	N2
のうりつ	N2
農産物	N2
のうさんぶつ	N2
農村	N2
のうそん	N2
農薬	N2
のうやく	N2
覗く	N2
のぞく	N2
派手	N2
はで	N2
破れる	N2
やぶれる	N2
破片	N2
はへん	N2
俳句	N2
はいく	N2
拝む	N2
おがむ	N2
拝見	N2
はいけん	N2
背負う	N2
せおう	N2
配る	N2
くばる	N2
売り切れ	N2
うりきれ	N2
売り切れる	N2
うりきれる	N2
売行き	N2
うれゆき	N2
売上	N2
うりあげ	N2
売店	N2
ばいてん	N2
売買	N2
ばいばい	N2
這う	N2
はう	N2
秤	N2
はかり	N2
伯父さん	N2
伯母さん	N2
剥く	N2
むく	N2
剥す	N2
はがす	N2
泊める	N2
とめる	N2
白髪	N2
しらが	N2
薄める	N2
うすめる	N2
薄暗い	N2
うすぐらい	N2
迫る	N2
せまる	N2
縛る	N2
しばる	N2
箸	N2
はし	N2
肌着	N2
はだぎ	N2
鉢	N2
はち	N2
発つ	N2
発揮	N2
はっき	N2
発射	N2
はっしゃ	N2
発想	N2
はっそう	N2
発電	N2
はつでん	N2
発売	N2
はつばい	N2
判子	N2
はんこ	N2
判事	N2
はんじ	N2
半径	N2
はんけい	N2
半島	N2
はんとう	N2
反る	N2
反映	N2
はんえい	N2
反省	N2
はんせい	N2
番地	N2
ばんち	N2
卑怯	N2
ひきょう	N2
比較的	N2
ひかくてき	N2
皮肉	N2
ひにく	N2
皮膚	N2
ひふ	N2
被せる	N2
かぶせる	N2
飛び込む	N2
とびこむ	N2
美容	N2
びよう	N2
髭	N2
ひげ	N2
肘	N2
ひじ	N2
必需品	N2
ひつじゅひん	N2
筆記	N2
ひっき	N2
筆者	N2
ひっしゃ	N2
標識	N2
ひょうしき	N2
標準	N2
ひょうじゅん	N2
標本	N2
ひょうほん	N2
表紙	N2
ひょうし	N2
評論	N2
ひょうろん	N2
瓶詰	N2
びんづめ	N2
不運	N2
ふうん	N2
不規則	N2
ふきそく	N2
不潔	N2
ふけつ	N2
不通	N2
ふつう	N2
付近	N2
ふきん	N2
付合う	N2
つきあう	N2
夫妻	N2
ふさい	N2
敷く	N2
しく	N2
敷地	N2
しきち	N2
普及	N2
ふきゅう	N2
浮かべる	N2
うかべる	N2
浮く	N2
うく	N2
浮ぶ	N2
うかぶ	N2
父母	N2
ふぼ	N2
符号	N2
ふごう	N2
附属	N2
ふぞく	N2
撫でる	N2
なでる	N2
武士	N2
ぶし	N2
部首	N2
ぶしゅ	N2
部品	N2
ぶひん	N2
風船	N2
ふうせん	N2
風呂敷	N2
ふろしき	N2
副詞	N2
ふくし	N2
複写	N2
ふくしゃ	N2
複数	N2
ふくすう	N2
払い込む	N2
はらいこむ	N2
払い戻す	N2
はらいもどす	N2
物語る	N2
ものがたる	N2
物差し	N2
ものさし	N2
物凄い	N2
ものすごい	N2
物騒	N2
ぶっそう	N2
物置	N2
ものおき	N2
分かれる	N2
わかれる	N2
分る	N2
わかる	N2
分解	N2
ぶんかい	N2
分数	N2
ぶんすう	N2
分布	N2
ぶんぷ	N2
分量	N2
ぶんりょう	N2
分類	N2
ぶんるい	N2
噴火	N2
ふんか	N2
噴水	N2
ふんすい	N2
焚く	N2
文芸	N2
ぶんげい	N2
文献	N2
ぶんけん	N2
文体	N2
ぶんたい	N2
文房具	N2
ぶんぼうぐ	N2
文脈	N2
ぶんみゃく	N2
兵隊	N2
へいたい	N2
平仮名	N2
ひらがな	N2
平気	N2
へいき	N2
平日	N2
へいじつ	N2
平凡	N2
へいぼん	N2
平野	N2
へいや	N2
並行	N2
へいこう	N2
並木	N2
なみき	N2
閉会	N2
へいかい	N2
別々	N2
べつべつ	N2
別荘	N2
べっそう	N2
片仮名	N2
かたかな	N2
片寄る	N2
かたよる	N2
片道	N2
かたみち	N2
片付く	N2
かたづく	N2
編む	N2
あむ	N2
編集	N2
へんしゅう	N2
編物	N2
あみもの	N2
便所	N2
べんじょ	N2
便箋	N2
びんせん	N2
保健	N2
ほけん	N2
捕える	N2
とらえる	N2
捕る	N2
補う	N2
おぎなう	N2
募集	N2
ぼしゅう	N2
倣う	N2
ならう	N2
包装	N2
ほうそう	N2
包帯	N2
ほうたい	N2
崩す	N2
くずす	N2
崩れる	N2
くずれる	N2
庖丁	N2
ほうちょう	N2
放る	N2
ほうる	N2
放れる	N2
はなれる	N2
方角	N2
ほうがく	N2
方言	N2
ほうげん	N2
方針	N2
ほうしん	N2
方程式	N2
ほうていしき	N2
方面	N2
ほうめん	N2
法則	N2
ほうそく	N2
縫う	N2
ぬう	N2
飽くまで	N2
あくまで	N2
亡くす	N2
なくす	N2
坊さん	N2
ぼうさん	N2
坊っちゃん	N2
ぼっちゃん	N2
坊や	N2
ぼうや	N2
妨げる	N2
さまたげる	N2
暴れる	N2
あばれる	N2
望遠鏡	N2
ぼうえんきょう	N2
膨らます	N2
ふくらます	N2
膨らむ	N2
ふくらむ	N2
膨大	N2
ぼうだい	N2
防止	N2
ぼうし	N2
防犯	N2
ぼうはん	N2
北極	N2
ほっきょく	N2
墨	N2
すみ	N2
牧場	N2
ぼくじょう	N2
牧畜	N2
ぼくちく	N2
堀	N2
ほり	N2
本部	N2
ほんぶ	N2
本来	N2
ほんらい	N2
盆	N2
ぼん	N2
盆地	N2
ぼんち	N2
摩擦	N2
まさつ	N2
埋める	N2
うめる	N2
枚数	N2
まいすう	N2
毎度	N2
まいど	N2
枕	N2
まくら	N2
又は	N2
または	N2
末っ子	N2
すえっこ	N2
万歳	N2
ばんざい	N2
満員	N2
まんいん	N2
満点	N2
まんてん	N2
味わう	N2
あじわう	N2
未満	N2
みまん	N2
岬	N2
みさき	N2
民間	N2
みんかん	N2
民謡	N2
みんよう	N2
務める	N2
無限	N2
むげん	N2
無沙汰	N2
ぶさた	N2
無数	N2
むすう	N2
無地	N2
むじ	N2
矛盾	N2
むじゅん	N2
名作	N2
めいさく	N2
名刺	N2
めいし	N2
名詞	N2
名字	N2
みょうじ	N2
名所	N2
めいしょ	N2
名物	N2
めいぶつ	N2
命ずる	N2
めいずる	N2
明き	N2
あき	N2
明け方	N2
あけがた	N2
迷信	N2
めいしん	N2
銘々	N2
めいめい	N2
鳴らす	N2
ならす	N2
姪	N2
めい	N2
免税	N2
めんぜい	N2
面積	N2
めんせき	N2
面接	N2
めんせつ	N2
面倒臭い	N2
めんどうくさい	N2
茂る	N2
しげる	N2
毛糸	N2
けいと	N2
毛皮	N2
けがわ	N2
儲かる	N2
もうかる	N2
儲ける	N2
もうける	N2
木材	N2
もくざい	N2
目安	N2
めやす	N2
目印	N2
めじるし	N2
目下	N2
めした	N2
目覚し	N2
めざまし	N2
目指す	N2
めざす	N2
目次	N2
もくじ	N2
目上	N2
めうえ	N2
目立つ	N2
めだつ	N2
餅	N2
もち	N2
問い合わせ	N2
といあわせ	N2
問答	N2
もんどう	N2
夜間	N2
やかん	N2
夜行	N2
やこう	N2
矢印	N2
やじるし	N2
役者	N2
やくしゃ	N2
役所	N2
やくしょ	N2
役人	N2
やくにん	N2
役目	N2
やくめ	N2
薬缶	N2
薬局	N2
やっきょく	N2
薬指	N2
くすりゆび	N2
薬品	N2
やくひん	N2
訳す	N2
やくす	N2
油断	N2
ゆだん	N2
輸血	N2
ゆけつ	N2
輸送	N2
ゆそう	N2
勇ましい	N2
いさましい	N2
友好	N2
ゆうこう	N2
悠々	N2
ゆうゆう	N2
有難い	N2
ありがたい	N2
有無	N2
うむ	N2
有料	N2
ゆうりょう	N2
湧く	N2
わく	N2
遊園地	N2
ゆうえんち	N2
郵送	N2
ゆうそう	N2
夕刊	N2
ゆうかん	N2
夕日	N2
ゆうひ	N2
夕立	N2
ゆうだち	N2
予備	N2
よび	N2
余る	N2
あまる	N2
余計	N2
よけい	N2
余所	N2
よそ	N2
預かる	N2
あずかる	N2
幼児	N2
ようじ	N2
幼稚	N2
ようち	N2
幼稚園	N2
ようちえん	N2
容器	N2
ようき	N2
容積	N2
ようせき	N2
揚げる	N2
洋品店	N2
ようひんてん	N2
溶かす	N2
とかす	N2
溶く	N2
とく	N2
溶ける	N2
とける	N2
溶け込む	N2
とけこむ	N2
溶岩	N2
ようがん	N2
用語	N2
ようご	N2
用途	N2
ようと	N2
羊毛	N2
ようもう	N2
要旨	N2
ようし	N2
要領	N2
ようりょう	N2
陽射	N2
ひざし	N2
養分	N2
ようぶん	N2
欲張り	N2
よくばり	N2
浴衣	N2
ゆかた	N2
来日	N2
らいにち	N2
頼もしい	N2
たのもしい	N2
落し物	N2
おとしもの	N2
落第	N2
らくだい	N2
落着く	N2
おちつく	N2
乱暴	N2
らんぼう	N2
欄	N2
らん	N2
利害	N2
りがい	N2
理科	N2
りか	N2
裏口	N2
うらぐち	N2
裏返す	N2
うらがえす	N2
立ち止まる	N2
たちどまる	N2
略す	N2
りゃくす	N2
流域	N2
りゅういき	N2
流行る	N2
はやる	N2
流石	N2
さすが	N2
溜まる	N2
たまる	N2
溜める	N2
ためる	N2
溜息	N2
ためいき	N2
留まる	N2
とどまる	N2
留守番	N2
るすばん	N2
粒	N2
つぶ	N2
両側	N2
りょうがわ	N2
寮	N2
りょう	N2
涼む	N2
すずむ	N2
量る	N2
領事	N2
りょうじ	N2
領収	N2
りょうしゅう	N2
力強い	N2
ちからづよい	N2
臨時	N2
りんじ	N2
例える	N2
たとえる	N2
例外	N2
れいがい	N2
冷ます	N2
さます	N2
冷める	N2
さめる	N2
冷やす	N2
ひやす	N2
冷凍	N2
れいとう	N2
鈴	N2
すず	N2
零点	N2
れいてん	N2
列島	N2
れっとう	N2
裂く	N2
さく	N2
恋しい	N2
こいしい	N2
煉瓦	N2
れんが	N2
連合	N2
れんごう	N2
朗らか	N2
ほがらか	N2
蝋燭	N2
ろうそく	N2
麓	N2
ふもと	N2
録音	N2
ろくおん	N2
論ずる	N2
ろんずる	N2
和英	N2
わえい	N2
和服	N2
わふく	N2
話し掛ける	N2
はなしかける	N2
話合い	N2
はなしあい	N2
話中	N2
はなしちゅう	N2
詫びる	N2
わびる	N2
椀	N2
わん	N2
碗	N2
丼	N2
どんぶり	N2
佚	N2
いつ	N2
嗅ぐ	N2
かぐ	N2
囁く	N2
ささやく	N2
掏摸	N2
すり	N2
捩る	N2
ねじる	N2
揉む	N2
もむ	N2
洒落	N2
しゃれ	N2
狡い	N2
ずるい	N2
睨む	N2
にらむ	N2
箒	N2
ほうき	N2
Ͼ立	N2
たいりつ	N2
アイデア	N1
アクセル	N1
あくどい	N1
あざ笑う	N1
あざわらう	N1
あっさり	N1
アップ	N1
アプローチ	N1
あべこべ	N1
アマチュア	N1
あやふや	N1
あら	N1
アラブ	N1
あられ	N1
アルカリ	N1
アルミ	N1
アワー	N1
アンケート	N1
アンコール	N1
いい加減	N1
いいかげん	N1
イエス	N1
いく	N1
いざ	N1
いっそ	N1
いやに	N1
インターチェンジ	N1
インターナショナル	N1
インターフォン	N1
インテリ	N1
インフォメーション	N1
インフレ	N1
ウェートレス	N1
うんざり	N1
エアメール	N1
えい	N1
エレガント	N1
エンジニア	N1
おおい	N1
オーケー	N1
オートマチック	N1
オープン	N1
おっかない	N1
おどおど	N1
オリエンテーション	N1
オレンジ	N1
オンライン	N1
お蔭	N1
おかげ	N1
お蔭様で	N1
おかげさまで	N1
お願いします	N1
おねがいします	N1
お休み	N1
おやすみ	N1
お宮	N1
おみや	N1
お供	N1
おとも	N1
お菜	N1
おかず	N1
お産	N1
おさん	N1
お使い	N1
おつかい	N1
お邪魔します	N1
おじゃまします	N1
お手上げ	N1
おてあげ	N1
お出でになる	N1
おいでになる	N1
お巡りさん	N1
おまわりさん	N1
お世辞	N1
おせじ	N1
お先に	N1
おさきに	N1
お祖父さん	N1
おじいさん	N1
お祖母さん	N1
おばあさん	N1
お早う	N1
おはよう	N1
お大事に	N1
おだいじに	N1
お喋り	N1
おしゃべり	N1
お八	N1
おやつ	N1
お目出度う	N1
おめでとう	N1
お洒落	N1
おしゃれ	N1
お襁褓	N1
おむつ	N1
カーペット	N1
ガイド	N1
ガイドブック	N1
カクテル	N1
がっくり	N1
がっしり	N1
がっちり	N1
カット	N1
カテゴリー	N1
カムバック	N1
カメラマン	N1
かも知れない	N1
かもしれない	N1
がる	N1
カルテ	N1
ガレージ	N1
カンニング	N1
きちっと	N1
きっかり	N1
きっちり	N1
きっぱり	N1
キャッチ	N1
キャリア	N1
クイズ	N1
くっきり	N1
ぐっと	N1
くっ付く	N1
くっつく	N1
くっ付ける	N1
くっつける	N1
ぐらい	N1
クラブ	N1
グラフ	N1
グレー	N1
クレーン	N1
ゲスト	N1
げっそり	N1
けれど	N1
ヶ月	N1
かげつ	N1
コーナー	N1
こだわる	N1
この間	N1
このあいだ	N1
この頃	N1
このごろ	N1
コマーシャル	N1
コミュニケーション	N1
コメント	N1
コンタクト	N1
コンテスト	N1
コントラスト	N1
コントロール	N1
コンパス	N1
ご苦労様	N1
ごくろうさま	N1
ご座います	N1
ございます	N1
ご馳走	N1
ごちそう	N1
ご馳走さま	N1
ごちそうさま	N1
ご無沙汰	N1
ごぶさた	N1
サイクル	N1
サイズ	N1
さっと	N1
サボる	N1
さん	N1
サンキュー	N1
サンタクロース	N1
し	N1
シート	N1
ジーパン	N1
しいんと	N1
しくじる	N1
システム	N1
シック	N1
じっくり	N1
シナリオ	N1
しぶとい	N1
しまった	N1
ジャズ	N1
ジャンパー	N1
ジャンプ	N1
ジャンボ	N1
ジャンル	N1
じゃん拳	N1
じゃんけん	N1
ショー	N1
ショック	N1
しょっちゅう	N1
スタジオ	N1
スチーム	N1
ストライキ	N1
ストレス	N1
ストロー	N1
ストロボ	N1
すばしこい	N1
ずばり	N1
スピード	N1
スプリング	N1
ずぶ濡れ	N1
ずぶぬれ	N1
スペース	N1
スポーツカー	N1
スラックス	N1
ずらっと	N1
ずるずる	N1
ずれ	N1
ずれる	N1
すれ違う	N1
すれちがう	N1
すんなり	N1
セール	N1
セクション	N1
セックス	N1
ゼリー	N1
セレモニー	N1
センス	N1
ソース	N1
ソックス	N1
その為	N1
そのため	N1
その外	N1
そのほか	N1
その上	N1
そのうえ	N1
その内	N1
そのうち	N1
ソロ	N1
ぞんざい	N1
ダース	N1
タイトル	N1
タイピスト	N1
タイマー	N1
タイミング	N1
タイム	N1
タイムリー	N1
タイヤ	N1
タイル	N1
ダウン	N1
たった	N1
だぶだぶ	N1
ダブる	N1
だらけ	N1
タレント	N1
タワー	N1
ダンプ	N1
チームワーク	N1
チェンジ	N1
チャイム	N1
ちやほや	N1
チャンネル	N1
ちょくちょく	N1
ちらっと	N1
ティッシュペーパー	N1
データ	N1
でかい	N1
デコレーション	N1
デザート	N1
デザイン	N1
てっきり	N1
デッサン	N1
デモンストレーション	N1
テレックス	N1
てんで	N1
と	N1
どうぞ宜しく	N1
どうぞよろしく	N1
どうにか	N1
どうやら	N1
トーン	N1
ドライ	N1
ドライクリーニング	N1
ドライバー	N1
ドライブイン	N1
トラブル	N1
トランジスター	N1
ドリル	N1
とんだ	N1
ナイター	N1
ナプキン	N1
なんか	N1
ナンセンス	N1
なんだかんだ	N1
にも拘らず	N1
にもかかわらず	N1
ニュアンス	N1
ニュー	N1
ネガ	N1
ねじ回し	N1
ねじまわし	N1
ノイローゼ	N1
バー	N1
パジャマ	N1
パチンコ	N1
バッジ	N1
バット	N1
ばてる	N1
パトカー	N1
ハンガー	N1
パンク	N1
ビールス	N1
ビジネス	N1
びっしょり	N1
ひょっと	N1
びり	N1
ヒント	N1
ファイト	N1
ファイル	N1
ファン	N1
フィルター	N1
ブーツ	N1
ブーム	N1
フェリー	N1
フォーム	N1
ぶかぶか	N1
ブザー	N1
ぶらぶら	N1
ぶら下げる	N1
ぶらさげる	N1
ブルー	N1
フロント	N1
ふんだん	N1
ペア	N1
ベース	N1
ぺこぺこ	N1
ベスト	N1
ベストセラー	N1
ボイコット	N1
ポイント	N1
ホース	N1
ポーズ	N1
ホール	N1
ポジション	N1
ほっと	N1
ポット	N1
ぼつぼつ	N1
ぼやく	N1
ぼやける	N1
ボルト	N1
ポンプ	N1
マーク	N1
まごつく	N1
マスコミ	N1
マッサージ	N1
ミスプリント	N1
ミセス	N1
ミュージック	N1
ミリ	N1
ムード	N1
メーカー	N1
メッセージ	N1
メディア	N1
メロディー	N1
モーテル	N1
モニター	N1
もろに	N1
やっ付ける	N1
やっつける	N1
ややこしい	N1
やり遂げる	N1
やりとげる	N1
ヤング	N1
ゆとり	N1
ユニーク	N1
ユニフォーム	N1
ライス	N1
ラベル	N1
ランプ	N1
ルーズ	N1
ルール	N1
レース	N1
レギュラー	N1
レクリエーション	N1
レッスン	N1
レディー	N1
レバー	N1
レンジ	N1
レンタカー	N1
レントゲン	N1
ロープ	N1
ローマ字	N1
ローマじ	N1
ロマンチック	N1
ワット	N1
亜科	N1
あか	N1
愛でたい	N1
めでたい	N1
愛想	N1
あいそ	N1
愛憎	N1
あいにく	N1
悪	N1
あく	N1
悪い	N1
にくい	N1
悪化	N1
あっか	N1
悪戯	N1
いたずら	N1
悪口	N1
あっこう	N1
悪者	N1
わるもの	N1
悪日	N1
あくび	N1
葦	N1
よし	N1
圧迫	N1
あっぱく	N1
圧力	N1
あつりょく	N1
扱い	N1
あつかい	N1
宛	N1
あて	N1
宛てる	N1
あてる	N1
或いは	N1
あるいは	N1
或る	N1
ある	N1
安っぽい	N1
やすっぽい	N1
安静	N1
あんせい	N1
暗殺	N1
あんさつ	N1
暗算	N1
あんざん	N1
暗示	N1
あんじ	N1
案じる	N1
あんじる	N1
案の定	N1
あんのじょう	N1
闇	N1
やみ	N1
以て	N1
もって	N1
伊井	N1
いい	N1
位地	N1
いち	N1
依	N1
い	N1
依って	N1
よって	N1
依然	N1
いぜん	N1
依存	N1
いそん	N1
委託	N1
いたく	N1
威力	N1
いりょく	N1
尉	N1
じょう	N1
意気込む	N1
いきごむ	N1
意向	N1
いこう	N1
意図	N1
いと	N1
意地	N1
いじ	N1
意欲	N1
いよく	N1
易い	N1
やすい	N1
為さる	N1
なさる	N1
為来り	N1
しきたり	N1
畏まりました	N1
かしこまりました	N1
異議	N1
いぎ	N1
異見	N1
いけん	N1
異性	N1
いせい	N1
異動	N1
いどう	N1
異論	N1
いろん	N1
移行	N1
移住	N1
いじゅう	N1
移民	N1
いみん	N1
萎びる	N1
しなびる	N1
萎む	N1
しぼむ	N1
衣装	N1
いしょう	N1
衣料	N1
いりょう	N1
衣類	N1
いるい	N1
違える	N1
ちがえる	N1
遺跡	N1
いせき	N1
域外	N1
いきがい	N1
育ち	N1
そだち	N1
育成	N1
いくせい	N1
一々	N1
いちいち	N1
一まず	N1
ひとまず	N1
一概に	N1
いちがいに	N1
一括	N1
いっかつ	N1
一気	N1
いっき	N1
一挙に	N1
いっきょに	N1
一筋	N1
ひとすき	N1
一見	N1
いちげん	N1
一言	N1
一向	N1
ひたすら	N1
一頃	N1
ひところ	N1
一昨昨日	N1
さきおととい	N1
一心	N1
いっしん	N1
一人	N1
いちにん	N1
一人でに	N1
ひとりでに	N1
一寸	N1
ちょっと	N1
一切	N1
いっさい	N1
一息	N1
ひといき	N1
一帯	N1
いったい	N1
一定	N1
いちじょう	N1
一同	N1
いちどう	N1
一日	N1
いちじつ	N1
一敗	N1
いっぱい	N1
一部	N1
いちぶ	N1
一部分	N1
いちぶぶん	N1
一別	N1
いちべつ	N1
一変	N1
いっぺん	N1
一面	N1
いちめん	N1
一目	N1
いちもく	N1
一様	N1
いちよう	N1
一律	N1
いちりつ	N1
一連	N1
いちれん	N1
溢れる	N1
あふれる	N1
逸らす	N1
そらす	N1
稲光	N1
いなびかり	N1
印	N1
いん	N1
印鑑	N1
いんかん	N1
員	N1
引きずる	N1
ひきずる	N1
引き下げる	N1
ひきさげる	N1
引き起こす	N1
ひきおこす	N1
引き取る	N1
ひきとる	N1
引き受ける	N1
ひきうける	N1
引き上げる	N1
ひきあげる	N1
引き分け	N1
ひきわけ	N1
引っ掛ける	N1
ひっかける	N1
引っ掻く	N1
ひっかく	N1
飲み込む	N1
のみこむ	N1
陰気	N1
いんき	N1
隠居	N1
いんきょ	N1
雨具	N1
あまぐ	N1
雨天	N1
うてん	N1
卯	N1
ぼう	N1
渦	N1
うず	N1
嘘つき	N1
うそつき	N1
云々	N1
うんぬん	N1
運営	N1
うんえい	N1
運送	N1
うんそう	N1
運賃	N1
うんちん	N1
運搬	N1
うんぱん	N1
運命	N1
うんめい	N1
運輸	N1
うんゆ	N1
運用	N1
うんよう	N1
営む	N1
いとなむ	N1
映える	N1
はえる	N1
映写	N1
えいしゃ	N1
映像	N1
えいぞう	N1
栄える	N1
さかえる	N1
英字	N1
えいじ	N1
英雄	N1
えいゆう	N1
衛生	N1
えいせい	N1
液	N1
えき	N1
益々	N1
ますます	N1
閲覧	N1
えつらん	N1
厭々	N1
いやいや	N1
厭やらしい	N1
いやらしい	N1
円滑	N1
えんかつ	N1
円満	N1
えんまん	N1
園	N1
えん	N1
延いては	N1
ひいては	N1
延べ	N1
のべ	N1
沿い	N1
ぞい	N1
沿う	N1
そう	N1
沿岸	N1
えんがん	N1
沿線	N1
えんせん	N1
演じる	N1
えんじる	N1
演ずる	N1
えんずる	N1
演習	N1
えんしゅう	N1
演出	N1
えんしゅつ	N1
煙たい	N1
けむたい	N1
煙る	N1
けむる	N1
煙草	N1
たばこ	N1
縁	N1
縁側	N1
えんがわ	N1
縁談	N1
えんだん	N1
艶	N1
遠ざかる	N1
とおざかる	N1
遠回り	N1
とおまわり	N1
遠方	N1
えんぽう	N1
鉛	N1
なまり	N1
塩	N1
於	N1
お	N1
於いて	N1
おいて	N1
汚す	N1
けがす	N1
汚らわしい	N1
けがらわしい	N1
汚れ	N1
けがれ	N1
汚れる	N1
けがれる	N1
甥	N1
おい	N1
応急	N1
おうきゅう	N1
応募	N1
おうぼ	N1
押さえる	N1
おさえる	N1
押し寄せる	N1
おしよせる	N1
押し込む	N1
おしこむ	N1
横綱	N1
よこづな	N1
殴る	N1
なぐる	N1
黄金	N1
おうごん	N1
黄色	N1
おうしょく	N1
屋敷	N1
やしき	N1
臆病	N1
おくびょう	N1
乙	N1
おつ	N1
俺	N1
おれ	N1
温和	N1
おんわ	N1
音	N1
ね	N1
音色	N1
おんいろ	N1
下がる	N1
さがる	N1
下らない	N1
くだらない	N1
下位	N1
かい	N1
下火	N1
したび	N1
下取り	N1
したどり	N1
下心	N1
したごころ	N1
下地	N1
したじ	N1
下調べ	N1
したしらべ	N1
下番	N1
かばん	N1
下品	N1
かひん	N1
下吏	N1
かり	N1
下痢	N1
げり	N1
化ける	N1
ばける	N1
化する	N1
かする	N1
化合	N1
かごう	N1
化石	N1
かせき	N1
化繊	N1
かせん	N1
仮	N1
か	N1
仮令	N1
たとえ	N1
何々	N1
どれどれ	N1
何しろ	N1
なにしろ	N1
何だか	N1
なんだか	N1
何て	N1
なんて	N1
何と	N1
なんと	N1
何となく	N1
なんとなく	N1
何とも	N1
なんとも	N1
何なり	N1
なんなり	N1
何の	N1
どの	N1
何も	N1
なにも	N1
何より	N1
なにより	N1
何れ	N1
いずれ	N1
何気ない	N1
なにげない	N1
何故	N1
なぜ	N1
何故なら	N1
なぜなら	N1
何時	N1
いつ	N1
何時か	N1
いつか	N1
何時でも	N1
いつでも	N1
何時の間にか	N1
いつのまにか	N1
何時までも	N1
いつまでも	N1
何時も	N1
いつも	N1
何処	N1
どこ	N1
何処か	N1
どこか	N1
何卒	N1
どうぞ	N1
何方	N1
どちら	N1
佳句	N1
かく	N1
加工	N1
かこう	N1
加入	N1
かにゅう	N1
加味	N1
かみ	N1
加留多	N1
かるた	N1
可哀想	N1
かわいそう	N1
可愛い	N1
かわいい	N1
可愛がる	N1
かわいがる	N1
可愛らしい	N1
かわいらしい	N1
可笑しい	N1
おかしい	N1
可成	N1
かなり	N1
家計	N1
かけい	N1
家主	N1
いえぬし	N1
家出	N1
いえで	N1
家畜	N1
かちく	N1
家来	N1
けらい	N1
科	N1
暇	N1
いとま	N1
果たして	N1
はたして	N1
果たす	N1
はたす	N1
果て	N1
はて	N1
果てる	N1
はてる	N1
果ない	N1
はかない	N1
河川	N1
火花	N1
ひばな	N1
火傷	N1
かしょう	N1
火星	N1
かせい	N1
火燵	N1
こたつ	N1
箇箇	N1
ここ	N1
箇所	N1
かしょ	N1
箇条書き	N1
かじょうがき	N1
花びら	N1
はなびら	N1
花壇	N1
かだん	N1
花粉	N1
かふん	N1
苛々	N1
いらいら	N1
苛める	N1
いじめる	N1
荷	N1
に	N1
荷造り	N1
にづくり	N1
華々しい	N1
はなばなしい	N1
華やか	N1
はなやか	N1
華美	N1
かび	N1
華奢	N1
かしゃ	N1
課外	N1
かがい	N1
課題	N1
かだい	N1
貨幣	N1
かへい	N1
過ぎ	N1
すぎ	N1
過ち	N1
あやまち	N1
過疎	N1
かそ	N1
過多	N1
かた	N1
過密	N1
かみつ	N1
過労	N1
かろう	N1
霞む	N1
かすむ	N1
俄か	N1
にわか	N1
我がまま	N1
わがまま	N1
画	N1
画期	N1
かっき	N1
雅致	N1
がち	N1
介護	N1
かいご	N1
介入	N1
かいにゅう	N1
介抱	N1
かいほう	N1
会	N1
え	N1
会見	N1
かいけん	N1
会談	N1
かいだん	N1
解く	N1
ほどく	N1
解除	N1
かいじょ	N1
解剖	N1
かいぼう	N1
回収	N1
かいしゅう	N1
回送	N1
かいそう	N1
回覧	N1
かいらん	N1
回路	N1
かいろ	N1
快い	N1
こころよい	N1
怪獣	N1
かいじゅう	N1
懐く	N1
なつく	N1
拐う	N1
さらう	N1
改まる	N1
あらたまる	N1
改悪	N1
かいあく	N1
改革	N1
かいかく	N1
改修	N1
改定	N1
かいてい	N1
改訂	N1
改良	N1
かいりょう	N1
海運	N1
かいうん	N1
海峡	N1
かいきょう	N1
海抜	N1
かいばつ	N1
海流	N1
かいりゅう	N1
海路	N1
うみじ	N1
灰	N1
灰皿	N1
はいさら	N1
開催	N1
かいさい	N1
開拓	N1
かいたく	N1
開発	N1
かいはつ	N1
階	N1
階級	N1
かいきゅう	N1
階層	N1
貝殻	N1
かいがら	N1
外貨	N1
がいか	N1
外観	N1
がいかん	N1
外相	N1
がいしょう	N1
外方	N1
そっぽ	N1
外来	N1
がいらい	N1
害する	N1
がいする	N1
崖	N1
がけ	N1
概説	N1
がいせつ	N1
概念	N1
がいねん	N1
概略	N1
がいりゃく	N1
蓋	N1
がい	N1
街	N1
街頭	N1
がいとう	N1
街道	N1
かいどう	N1
該当	N1
各	N1
おのおの	N1
各々	N1
それぞれ	N1
各種	N1
かくしゅ	N1
拡散	N1
かくさん	N1
格	N1
格差	N1
かくさ	N1
核	N1
獲得	N1
かくとく	N1
獲物	N1
えもの	N1
確り	N1
しっかり	N1
確信	N1
かくしん	N1
確定	N1
かくてい	N1
確保	N1
かくほ	N1
確立	N1
かくりつ	N1
覚え	N1
おぼえ	N1
角	N1
隔たる	N1
へだたる	N1
隔週	N1
かくしゅう	N1
革新	N1
革命	N1
かくめい	N1
学芸	N1
がくげい	N1
学士	N1
がくし	N1
学説	N1
がくせつ	N1
学歴	N1
がくれき	N1
楽しむ	N1
たのしむ	N1
楽観	N1
らっかん	N1
楽譜	N1
がくふ	N1
顎	N1
あご	N1
掛け	N1
かけ	N1
割	N1
かつ	N1
割り込む	N1
わりこむ	N1
割り算	N1
わりざん	N1
割り当て	N1
わりあて	N1
割引き	N1
わりびき	N1
割合に	N1
わりあいに	N1
恰度	N1
ちょうど	N1
活ける	N1
いける	N1
活発	N1
かっぱつ	N1
滑らか	N1
なめらか	N1
滑稽	N1
こっけい	N1
且つ	N1
叶う	N1
かなう	N1
叶える	N1
かなえる	N1
株式	N1
かぶしき	N1
噛み切る	N1
かみきる	N1
噛る	N1
かじる	N1
粥	N1
かゆ	N1
乾	N1
かん	N1
冠	N1
寒気	N1
かんき	N1
刊行	N1
かんこう	N1
勘弁	N1
かんべん	N1
勧め	N1
すすめ	N1
勧告	N1
かんこく	N1
勧誘	N1
かんゆう	N1
巻	N1
まき	N1
堪える	N1
こたえる	N1
堪らない	N1
たまらない	N1
完璧	N1
かんぺき	N1
官僚	N1
かんりょう	N1
寛容	N1
かんよう	N1
干し物	N1
ほしもの	N1
干渉	N1
かんしょう	N1
幹	N1
幹線	N1
かんせん	N1
幹部	N1
かんぶ	N1
感慨	N1
かんがい	N1
感触	N1
かんしょく	N1
感染	N1
感度	N1
かんど	N1
感無量	N1
かんむりょう	N1
慣らす	N1
ならす	N1
慣れ	N1
なれ	N1
慣行	N1
慣習	N1
かんしゅう	N1
慣用	N1
慣例	N1
かんれい	N1
換算	N1
かんさん	N1
敢えて	N1
あえて	N1
歓声	N1
かんせい	N1
漢語	N1
かんご	N1
甘い	N1
うまい	N1
甘える	N1
あまえる	N1
甘口	N1
あまくち	N1
監視	N1
かんし	N1
看護	N1
竿	N1
さお	N1
管	N1
簡易	N1
かんい	N1
簡潔	N1
かんけつ	N1
簡素	N1
かんそ	N1
緩む	N1
ゆるむ	N1
緩める	N1
ゆるめる	N1
緩やか	N1
ゆるやか	N1
緩和	N1
かんわ	N1
肝心	N1
かんじん	N1
観	N1
観衆	N1
観点	N1
かんてん	N1
観覧	N1
かんらん	N1
貫く	N1
つらぬく	N1
貫禄	N1
かんろく	N1
還元	N1
かんげん	N1
還暦	N1
かんれき	N1
間々	N1
まま	N1
間もなく	N1
まもなく	N1
間違う	N1
まちがう	N1
間柄	N1
あいだがら	N1
関税	N1
かんぜい	N1
関与	N1
かんよ	N1
館	N1
丸々	N1
まるまる	N1
丸ごと	N1
まるごと	N1
丸っきり	N1
まるっきり	N1
丸で	N1
まるで	N1
丸める	N1
まるめる	N1
含嗽	N1
うがい	N1
玩具	N1
おもちゃ	N1
癌	N1
がん	N1
眼科	N1
がんか	N1
眼球	N1
がんきゅう	N1
眼鏡	N1
がんきょう	N1
岩石	N1
がんせき	N1
贋物	N1
がんぶつ	N1
頑固	N1
がんこ	N1
頑丈	N1
がんじょう	N1
顔付き	N1
かおつき	N1
願書	N1
がんしょ	N1
企画	N1
きかく	N1
危ぶむ	N1
あやぶむ	N1
危害	N1
きがい	N1
危機	N1
きき	N1
喜劇	N1
きげき	N1
器	N1
うつわ	N1
器官	N1
きかん	N1
基	N1
もとい	N1
基金	N1
ききん	N1
奇数	N1
きすう	N1
奇麗	N1
きれい	N1
寄こす	N1
よこす	N1
寄り掛かる	N1
よりかかる	N1
寄贈	N1
きそう	N1
寄与	N1
きよ	N1
幾多	N1
いくた	N1
既婚	N1
きこん	N1
期	N1
き	N1
期日	N1
きじつ	N1
期末	N1
きまつ	N1
棄権	N1
きけん	N1
機	N1
はた	N1
機構	N1
きこう	N1
帰京	N1
ききょう	N1
気まぐれ	N1
きまぐれ	N1
気楽	N1
きらく	N1
気軽	N1
きがる	N1
気兼ね	N1
きがね	N1
気質	N1
かたぎ	N1
気象	N1
きしょう	N1
気障	N1
きざ	N1
気触れる	N1
かぶれる	N1
気配	N1
きはい	N1
気品	N1
きひん	N1
気風	N1
きふう	N1
気立て	N1
きだて	N1
気流	N1
きりゅう	N1
汽船	N1
きせん	N1
祈り	N1
いのり	N1
季刊	N1
規格	N1
規制	N1
きせい	N1
規定	N1
きてい	N1
規範	N1
きはん	N1
規模	N1
きぼ	N1
規約	N1
きやく	N1
記す	N1
しるす	N1
記載	N1
きさい	N1
記述	N1
きじゅつ	N1
記名	N1
きめい	N1
貴い	N1
たっとい	N1
貴女	N1
あなた	N1
貴族	N1
きぞく	N1
起こす	N1
おこす	N1
起源	N1
きげん	N1
起点	N1
きてん	N1
起伏	N1
きふく	N1
軌道	N1
きどう	N1
偽造	N1
ぎぞう	N1
宜しく	N1
よろしく	N1
戯曲	N1
ぎきょく	N1
技	N1
わざ	N1
技能	N1
ぎのう	N1
欺く	N1
あざむく	N1
犠牲	N1
ぎせい	N1
疑惑	N1
ぎわく	N1
義理	N1
ぎり	N1
議案	N1
ぎあん	N1
議決	N1
ぎけつ	N1
議事堂	N1
ぎじどう	N1
議題	N1
ぎだい	N1
掬う	N1
すくう	N1
鞠	N1
まり	N1
吃逆	N1
しゃっくり	N1
吃驚	N1
びっくり	N1
喫茶	N1
きっさ	N1
詰まり	N1
つまり	N1
詰らない	N1
つまらない	N1
詰る	N1
なじる	N1
客観	N1
きゃっかん	N1
脚色	N1
きゃくしょく	N1
脚本	N1
きゃくほん	N1
逆上る	N1
さかのぼる	N1
逆転	N1
ぎゃくてん	N1
逆立ち	N1
さかだち	N1
丘陵	N1
きゅうりょう	N1
久しい	N1
ひさしい	N1
久し振り	N1
ひさしぶり	N1
休める	N1
やすめる	N1
休学	N1
きゅうがく	N1
休戦	N1
きゅうせん	N1
及び	N1
および	N1
及ぶ	N1
およぶ	N1
宮殿	N1
きゅうでん	N1
弓	N1
ゆみ	N1
急かす	N1
せかす	N1
救い	N1
すくい	N1
救援	N1
きゅうえん	N1
救済	N1
きゅうさい	N1
朽ちる	N1
くちる	N1
球根	N1
きゅうこん	N1
究極	N1
きゅうきょく	N1
窮屈	N1
きゅうくつ	N1
窮乏	N1
きゅうぼう	N1
給う	N1
たまう	N1
給仕	N1
きゅうじ	N1
給食	N1
きゅうしょく	N1
旧事	N1
くじ	N1
旧知	N1
きゅうち	N1
居住	N1
きょじゅう	N1
巨	N1
こ	N1
拒絶	N1
きょぜつ	N1
拒否	N1
きょひ	N1
許容	N1
きょよう	N1
距離	N1
きょり	N1
鋸	N1
のこぎり	N1
漁船	N1
ぎょせん	N1
漁村	N1
ぎょそん	N1
享受	N1
きょうじゅ	N1
供	N1
きょう	N1
共	N1
共稼ぎ	N1
ともかせぎ	N1
共学	N1
きょうがく	N1
共感	N1
きょうかん	N1
共産	N1
きょうさん	N1
共存	N1
きょうそん	N1
共働き	N1
ともばたらき	N1
共鳴	N1
きょうめい	N1
共和	N1
きょうわ	N1
凶作	N1
きょうさく	N1
協会	N1
きょうかい	N1
協議	N1
きょうぎ	N1
協調	N1
きょうちょう	N1
協定	N1
きょうてい	N1
叫び	N1
さけび	N1
境遇	N1
きょうぐう	N1
強いて	N1
しいて	N1
強いる	N1
しいる	N1
強まる	N1
つよまる	N1
強める	N1
つよめる	N1
強気	N1
ごうぎ	N1
強硬	N1
きょうこう	N1
強行	N1
強制	N1
きょうせい	N1
強請る	N1
ねだる	N1
強烈	N1
きょうれつ	N1
怯える	N1
おびえる	N1
恐らく	N1
おそらく	N1
恐れ	N1
おそれ	N1
恐れ入る	N1
おそれいる	N1
教え	N1
おしえ	N1
教員	N1
きょういん	N1
教科	N1
きょうか	N1
教訓	N1
きょうくん	N1
教材	N1
きょうざい	N1
教習	N1
きょうしゅう	N1
教職	N1
きょうしょく	N1
橋渡し	N1
はしわたし	N1
況して	N1
まして	N1
脅かす	N1
おどかす	N1
脅す	N1
おどす	N1
脅迫	N1
きょうはく	N1
興じる	N1
きょうじる	N1
興業	N1
こうぎょう	N1
興奮	N1
こうふん	N1
郷愁	N1
郷里	N1
きょうり	N1
驚き	N1
おどろき	N1
驚異	N1
きょうい	N1
仰ぐ	N1
あおぐ	N1
仰っしゃる	N1
おっしゃる	N1
凝らす	N1
こごらす	N1
凝る	N1
こごる	N1
業	N1
ごう	N1
業者	N1
ぎょうしゃ	N1
業績	N1
ぎょうせき	N1
業務	N1
ぎょうむ	N1
局限	N1
きょくげん	N1
曲	N1
きょく	N1
曲がる	N1
まがる	N1
極めて	N1
きわめて	N1
極楽	N1
ごくらく	N1
極端	N1
きょくたん	N1
玉	N1
ぎょく	N1
桐	N1
きり	N1
僅	N1
きん	N1
勤まる	N1
つとまる	N1
勤め先	N1
つとめさき	N1
勤勉	N1
きんべん	N1
勤務	N1
きんむ	N1
勤労	N1
きんろう	N1
均衡	N1
きんこう	N1
禁じる	N1
きんじる	N1
禁ずる	N1
きんずる	N1
禁物	N1
きんもつ	N1
緊急	N1
きんきゅう	N1
襟	N1
えり	N1
近々	N1
きんきん	N1
近眼	N1
きんがん	N1
近郊	N1
近視	N1
きんし	N1
近付く	N1
ちかづく	N1
金庫	N1
かねぐら	N1
金槌	N1
かなづち	N1
吟味	N1
ぎんみ	N1
区	N1
く	N1
区々	N1
まちまち	N1
区画	N1
くかく	N1
区間	N1
くかん	N1
区切り	N1
くぎり	N1
苦しめる	N1
くるしめる	N1
駆けっこ	N1
かけっこ	N1
駆ける	N1
かける	N1
駆け足	N1
かけあし	N1
愚か	N1
おろか	N1
愚痴	N1
ぐち	N1
空しい	N1
むなしい	N1
空ろ	N1
うつろ	N1
空間	N1
あきま	N1
空腹	N1
くうふく	N1
偶に	N1
たまに	N1
屈折	N1
くっせつ	N1
君主	N1
くんしゅ	N1
群	N1
ぐん	N1
群がる	N1
むらがる	N1
群集	N1
ぐんしゅう	N1
軍	N1
いくさ	N1
軍艦	N1
ぐんかん	N1
軍事	N1
ぐんじ	N1
軍備	N1
ぐんび	N1
軍服	N1
ぐんぷく	N1
係り	N1
かかり	N1
傾	N1
けい	N1
傾く	N1
かたぶく	N1
傾ける	N1
かたむける	N1
傾斜	N1
けいしゃ	N1
刑	N1
刑罰	N1
けいばつ	N1
契る	N1
ちぎる	N1
契機	N1
けいき	N1
形勢	N1
けいせい	N1
形成	N1
形態	N1
けいたい	N1
恵み	N1
めぐみ	N1
恵む	N1
めぐむ	N1
掲げる	N1
かかげる	N1
掲載	N1
けいさい	N1
携わる	N1
たずさわる	N1
携帯	N1
敬具	N1
けいぐ	N1
系	N1
経る	N1
へる	N1
経緯	N1
いきさつ	N1
経過	N1
けいか	N1
経費	N1
けいひ	N1
経歴	N1
けいれき	N1
経路	N1
けいろ	N1
継ぎ目	N1
つぎめ	N1
継ぐ	N1
つぐ	N1
茎	N1
くき	N1
計器	N1
警戒	N1
けいかい	N1
警部	N1
けいぶ	N1
軽快	N1
軽減	N1
けいげん	N1
軽蔑	N1
けいべつ	N1
軽率	N1
けいそつ	N1
劇団	N1
げきだん	N1
激励	N1
げきれい	N1
傑	N1
けつ	N1
欠く	N1
欠乏	N1
けつぼう	N1
決まり悪い	N1
きまりわるい	N1
決まる	N1
きまる	N1
決意	N1
けつい	N1
決議	N1
けつぎ	N1
決行	N1
けっこう	N1
決算	N1
けっさん	N1
決勝	N1
けっしょう	N1
決断	N1
けつだん	N1
結び	N1
むすび	N1
結び付き	N1
むすびつき	N1
結び付く	N1
むすびつく	N1
結び付ける	N1
むすびつける	N1
結核	N1
けっかく	N1
結合	N1
けつごう	N1
結晶	N1
結成	N1
けっせい	N1
結束	N1
けっそく	N1
血管	N1
けっかん	N1
月謝	N1
げっしゃ	N1
月日	N1
がっぴ	N1
月賦	N1
げっぷ	N1
月並み	N1
つきなみ	N1
件	N1
くだん	N1
倹約	N1
けんやく	N1
健やか	N1
すこやか	N1
健在	N1
けんざい	N1
健全	N1
けんぜん	N1
兼ねて	N1
かねて	N1
兼業	N1
けんぎょう	N1
兼用	N1
けんよう	N1
喧しい	N1
やかましい	N1
圏	N1
けん	N1
建前	N1
たてまえ	N1
懸賞	N1
けんしょう	N1
捲る	N1
まくる	N1
検事	N1
けんじ	N1
権	N1
権威	N1
けんい	N1
権限	N1
けんげん	N1
権力	N1
けんりょく	N1
研ぐ	N1
とぐ	N1
見すぼらしい	N1
みすぼらしい	N1
見せびらかす	N1
みせびらかす	N1
見せ物	N1
みせもの	N1
見っともない	N1
みっともない	N1
見掛ける	N1
みかける	N1
見苦しい	N1
みぐるしい	N1
見合い	N1
みあい	N1
見合わせる	N1
みあわせる	N1
見込み	N1
みこみ	N1
見晴らし	N1
みはらし	N1
見積り	N1
みつもり	N1
見地	N1
けんち	N1
見通し	N1
みとおし	N1
見渡す	N1
みわたす	N1
見逃す	N1
みのがす	N1
見舞	N1
みまい	N1
見方	N1
みかた	N1
見落とす	N1
みおとす	N1
謙る	N1
へりくだる	N1
賢明	N1
けんめい	N1
軒並み	N1
のきなみ	N1
遣い	N1
つかい	N1
遣り通す	N1
やりとおす	N1
遣る	N1
やる	N1
元首	N1
げんしゅ	N1
元素	N1
げんそ	N1
元年	N1
がんねん	N1
元来	N1
がんらい	N1
原	N1
げん	N1
原っぱ	N1
はらっぱ	N1
原形	N1
げんけい	N1
原作	N1
げんさく	N1
原子	N1
げんし	N1
原書	N1
げんしょ	N1
原則	N1
げんそく	N1
原典	N1
げんてん	N1
原点	N1
原爆	N1
げんばく	N1
原文	N1
げんぶん	N1
原油	N1
げんゆ	N1
厳か	N1
おごそか	N1
厳密	N1
げんみつ	N1
減少	N1
げんしょう	N1
減点	N1
源	N1
みなもと	N1
玄人	N1
くろうと	N1
現われ	N1
あらわれ	N1
現われる	N1
あらわれる	N1
現行	N1
げんこう	N1
現場	N1
げんじょう	N1
現像	N1
げんぞう	N1
現地	N1
げんち	N1
言い訳	N1
いいわけ	N1
言伝	N1
ことづて	N1
言論	N1
げんろん	N1
限定	N1
げんてい	N1
個	N1
個々	N1
個性	N1
こせい	N1
個別	N1
こべつ	N1
古	N1
いにしえ	N1
古代	N1
こだい	N1
呼び止める	N1
よびとめる	N1
固める	N1
かためる	N1
固体	N1
こたい	N1
固定	N1
こてい	N1
固有	N1
こゆう	N1
孤児	N1
こじ	N1
孤独	N1
こどく	N1
孤立	N1
こりつ	N1
戸	N1
戸籍	N1
こせき	N1
戸締り	N1
とじまり	N1
故	N1
故人	N1
こじん	N1
股	N1
また	N1
誇る	N1
ほこる	N1
誇張	N1
こちょう	N1
跨がる	N1
またがる	N1
跨ぐ	N1
またぐ	N1
雇用	N1
こよう	N1
顧みる	N1
かえりみる	N1
五月蝿い	N1
うるさい	N1
呉れる	N1
くれる	N1
呉れ呉れも	N1
くれぐれも	N1
後回し	N1
あとまわし	N1
後悔	N1
こうかい	N1
後退	N1
こうたい	N1
御	N1
ご	N1
御手洗い	N1
おてあらい	N1
御負け	N1
おまけ	N1
御免ください	N1
ごめんください	N1
御免なさい	N1
ごめんなさい	N1
御覧なさい	N1
ごらんなさい	N1
悟る	N1
さとる	N1
碁盤	N1
ごばん	N1
語句	N1
ごく	N1
語源	N1
ごげん	N1
語彙	N1
ごい	N1
誤る	N1
あやまる	N1
誤差	N1
ごさ	N1
誤魔化す	N1
ごまかす	N1
護衛	N1
ごえい	N1
交える	N1
まじえる	N1
交わす	N1
かわす	N1
交わる	N1
まじわる	N1
交易	N1
こうえき	N1
交互	N1
こうご	N1
交渉	N1
こうしょう	N1
交付	N1
こうふ	N1
光沢	N1
こうたく	N1
光熱費	N1
こうねつひ	N1
公	N1
おおやけ	N1
公演	N1
こうえん	N1
公開	N1
公然	N1
こうぜん	N1
公団	N1
こうだん	N1
公認	N1
こうにん	N1
公募	N1
こうぼ	N1
公用	N1
こうよう	N1
公立	N1
こうりつ	N1
効き目	N1
ききめ	N1
効率	N1
口ずさむ	N1
くちずさむ	N1
口述	N1
こうじゅつ	N1
口頭	N1
こうとう	N1
向き	N1
むき	N1
向け	N1
むけ	N1
向上	N1
こうじょう	N1
垢	N1
好い	N1
よい	N1
好ましい	N1
このましい	N1
好意	N1
こうい	N1
好況	N1
こうきょう	N1
好調	N1
こうちょう	N1
好評	N1
こうひょう	N1
工学	N1
こうがく	N1
工作	N1
こうさく	N1
巧み	N1
たくみ	N1
巧妙	N1
こうみょう	N1
広まる	N1
ひろまる	N1
慌ただしい	N1
あわただしい	N1
慌てる	N1
あわてる	N1
抗議	N1
こうぎ	N1
抗争	N1
こうそう	N1
拘束	N1
こうそく	N1
控える	N1
ひかえる	N1
控室	N1
ひかえしつ	N1
控除	N1
こうじょ	N1
攻め	N1
せめ	N1
校	N1
こう	N1
構え	N1
かまえ	N1
構える	N1
かまえる	N1
構想	N1
洪水	N1
こうずい	N1
溝	N1
甲	N1
きのえ	N1
皇居	N1
こうきょ	N1
耕作	N1
考古学	N1
こうこがく	N1
航海	N1
荒っぽい	N1
あらっぽい	N1
荒らす	N1
あらす	N1
荒廃	N1
こうはい	N1
行	N1
ぎょう	N1
行い	N1
おこない	N1
行き違い	N1
いきちがい	N1
行き成り	N1
いきなり	N1
行為	N1
行員	N1
こういん	N1
行進	N1
こうしん	N1
行政	N1
ぎょうせい	N1
講習	N1
こうしゅう	N1
講読	N1
こうどく	N1
購読	N1
購入	N1
こうにゅう	N1
購買	N1
こうばい	N1
鉱業	N1
鉱山	N1
こうざん	N1
降水	N1
こうすい	N1
降伏	N1
こうふく	N1
香辛料	N1
こうしんりょう	N1
高	N1
たか	N1
高まる	N1
たかまる	N1
高原	N1
こうげん	N1
高尚	N1
号	N1
合わす	N1
あわす	N1
合わせ	N1
あわせ	N1
合意	N1
ごうい	N1
合間	N1
あいま	N1
合議	N1
合唱	N1
がっしょう	N1
合成	N1
ごうせい	N1
合致	N1
がっち	N1
合併	N1
がっぺい	N1
濠	N1
告げる	N1
つげる	N1
告白	N1
こくはく	N1
国境	N1
くにざかい	N1
国交	N1
こっこう	N1
国産	N1
こくさん	N1
国定	N1
こくてい	N1
国土	N1
こくど	N1
国防	N1
こくぼう	N1
国有	N1
こくゆう	N1
国連	N1
こくれん	N1
酷い	N1
ひどい	N1
黒字	N1
くろじ	N1
忽ち	N1
たちまち	N1
骨	N1
こつ	N1
骨董品	N1
こっとうひん	N1
込める	N1
こめる	N1
此の	N1
この	N1
此れ	N1
これ	N1
此れ等	N1
これら	N1
頃	N1
今更	N1
いまさら	N1
今日は	N1
こんにちは	N1
今晩は	N1
こんばんは	N1
昆虫	N1
こんちゅう	N1
根回し	N1
ねまわし	N1
根気	N1
こんき	N1
根拠	N1
こんきょ	N1
根底	N1
こんてい	N1
根本	N1
こんぽん	N1
混む	N1
こむ	N1
混血	N1
こんけつ	N1
混同	N1
こんどう	N1
魂	N1
こん	N1
些とも	N1
ちっとも	N1
些事	N1
さじ	N1
佐	N1
さ	N1
左程	N1
さほど	N1
左様なら	N1
さようなら	N1
左利き	N1
ひだりきき	N1
差し引く	N1
さしひく	N1
差し掛かる	N1
さしかかる	N1
差し支える	N1
さしつかえる	N1
差し出す	N1
さしだす	N1
差異	N1
さい	N1
差額	N1
さがく	N1
砂利	N1
じゃり	N1
詐欺	N1
さぎ	N1
座談会	N1
ざだんかい	N1
座標	N1
ざひょう	N1
催す	N1
もよおす	N1
再	N1
再会	N1
さいかい	N1
再建	N1
さいけん	N1
再現	N1
さいげん	N1
再生	N1
さいせい	N1
再発	N1
さいはつ	N1
最善	N1
さいぜん	N1
最早	N1
もはや	N1
哉	N1
や	N1
採掘	N1
さいくつ	N1
採決	N1
さいけつ	N1
採算	N1
さいさん	N1
採集	N1
さいしゅう	N1
採択	N1
さいたく	N1
採用	N1
さいよう	N1
栽培	N1
さいばい	N1
歳	N1
済ます	N1
すます	N1
済まない	N1
すまない	N1
済みません	N1
すみません	N1
災害	N1
さいがい	N1
細やか	N1
こまやか	N1
細菌	N1
さいきん	N1
細工	N1
さいく	N1
細胞	N1
さいぼう	N1
裁く	N1
さばく	N1
際	N1
きわ	N1
在庫	N1
ざいこ	N1
財	N1
ざい	N1
財源	N1
ざいげん	N1
財政	N1
ざいせい	N1
冴える	N1
さえる	N1
作	N1
さく	N1
作り	N1
つくり	N1
作戦	N1
さくせん	N1
作物	N1
さくぶつ	N1
作用	N1
さよう	N1
削減	N1
さくげん	N1
柵	N1
策	N1
錯覚	N1
さっかく	N1
錯誤	N1
さくご	N1
冊	N1
さつ	N1
刷り	N1
すり	N1
察する	N1
さっする	N1
擦る	N1
擦れる	N1
すれる	N1
擦れ違い	N1
すれちがい	N1
殺人	N1
さつじん	N1
雑	N1
ざつ	N1
雑貨	N1
ざっか	N1
雑談	N1
ざつだん	N1
雑木	N1
ざつぼく	N1
錆び	N1
さび	N1
三	N1
み	N1
三日月	N1
みかずき	N1
三味線	N1
さみせん	N1
参議院	N1
さんぎいん	N1
参照	N1
さんしょう	N1
参上	N1
さんじょう	N1
山岳	N1
さんがく	N1
山腹	N1
さんぷく	N1
山脈	N1
さんみゃく	N1
惨め	N1
みじめ	N1
散蒔く	N1
ばらまく	N1
桟橋	N1
さんきょう	N1
産む	N1
うむ	N1
産休	N1
さんきゅう	N1
産後	N1
さんご	N1
産出	N1
さんしゅつ	N1
産婦人科	N1
さんふじんか	N1
産物	N1
さんぶつ	N1
賛成	N1
さんせい	N1
賛美	N1
さんび	N1
酸	N1
酸っぱい	N1
すっぱい	N1
酸化	N1
さんか	N1
暫く	N1
しばらく	N1
残金	N1
ざんきん	N1
残高	N1
ざんだか	N1
残酷	N1
ざんこく	N1
仕える	N1
つかえる	N1
仕掛け	N1
しかけ	N1
仕掛ける	N1
しかける	N1
仕上がり	N1
しあがり	N1
仕上げ	N1
しあげ	N1
仕上げる	N1
しあげる	N1
仕切る	N1
しきる	N1
仕組み	N1
しくみ	N1
仕入れる	N1
しいれる	N1
仕付ける	N1
しつける	N1
仕舞	N1
しまい	N1
仕舞う	N1
しまう	N1
仕様	N1
しよう	N1
仕立てる	N1
したてる	N1
使い道	N1
つかいみち	N1
使命	N1
しめい	N1
使用人	N1
しようにん	N1
刺	N1
とげ	N1
刺繍	N1
ししゅう	N1
司る	N1
つかさどる	N1
司法	N1
しほう	N1
始め	N1
はじめ	N1
始めまして	N1
はじめまして	N1
始発	N1
しはつ	N1
始末	N1
しまつ	N1
姉妹	N1
きょうだい	N1
子息	N1
しそく	N1
市	N1
市街	N1
しがい	N1
志	N1
こころざし	N1
志す	N1
こころざす	N1
志向	N1
しこう	N1
志望	N1
しぼう	N1
思い付き	N1
おもいつき	N1
思考	N1
指揮	N1
しき	N1
指差す	N1
ゆびさす	N1
指示	N1
しじ	N1
指図	N1
さしず	N1
指摘	N1
してき	N1
指令	N1
しれい	N1
支持	N1
施す	N1
ほどこす	N1
施行	N1
しぎょう	N1
施設	N1
しせつ	N1
止まる	N1
とどまる	N1
止むを得ない	N1
やむをえない	N1
止める	N1
とどめる	N1
死	N1
死刑	N1
しけい	N1
氏	N1
うじ	N1
私	N1
あたし	N1
私物	N1
しぶつ	N1
私有	N1
しゆう	N1
私用	N1
脂肪	N1
至って	N1
いたって	N1
視覚	N1
しかく	N1
視察	N1
しさつ	N1
視点	N1
してん	N1
視野	N1
しや	N1
試み	N1
こころみ	N1
試みる	N1
こころみる	N1
諮る	N1
はかる	N1
資格	N1
資金	N1
しきん	N1
資産	N1
しさん	N1
賜る	N1
たまわる	N1
雌	N1
めす	N1
飼育	N1
しいく	N1
歯科	N1
しか	N1
歯磨	N1
はみがき	N1
事によると	N1
ことによると	N1
事業	N1
じぎょう	N1
事項	N1
じこう	N1
事前	N1
じぜん	N1
事柄	N1
ことがら	N1
似通う	N1
にかよう	N1
侍	N1
さむらい	N1
児	N1
字	N1
あざ	N1
字体	N1
じたい	N1
持ち	N1
もち	N1
持ち切り	N1
もちきり	N1
持てる	N1
もてる	N1
持て成す	N1
もてなす	N1
持続	N1
じぞく	N1
時刻表	N1
じこくひょう	N1
時差	N1
じさ	N1
時折	N1
ときおり	N1
次	N1
次いで	N1
ついで	N1
治まる	N1
おさまる	N1
治安	N1
ちあん	N1
治療	N1
ちりょう	N1
磁器	N1
じき	N1
磁気	N1
而も	N1
しかも	N1
耳鼻科	N1
じびか	N1
自ずから	N1
おのずから	N1
自我	N1
じが	N1
自覚	N1
じかく	N1
自己	N1
じこ	N1
自惚れ	N1
うぬぼれ	N1
自在	N1
じざい	N1
自主	N1
じしゅ	N1
自首	N1
自信	N1
じしん	N1
自尊心	N1
じそんしん	N1
自転	N1
じてん	N1
自動詞	N1
じどうし	N1
自立	N1
じりつ	N1
辞職	N1
じしょく	N1
辞退	N1
式場	N1
しきじょう	N1
軸	N1
じく	N1
雫	N1
しずく	N1
七日	N1
なぬか	N1
執着	N1
しゅうじゃく	N1
失格	N1
しっかく	N1
失調	N1
しっちょう	N1
嫉妬	N1
しっと	N1
室	N1
しつ	N1
悉く	N1
ことごとく	N1
湿気る	N1
しける	N1
疾っくに	N1
とっくに	N1
質疑	N1
しつぎ	N1
質素	N1
しっそ	N1
実	N1
じつ	N1
実業家	N1
じつぎょうか	N1
実質	N1
じっしつ	N1
実情	N1
じつじょう	N1
実践	N1
じっせん	N1
実態	N1
じったい	N1
実費	N1
じっぴ	N1
芝	N1
しば	N1
屡	N1
しばしば	N1
写し	N1
うつし	N1
斜面	N1
しゃめん	N1
社	N1
やしろ	N1
社交	N1
しゃこう	N1
社宅	N1
しゃたく	N1
謝絶	N1
しゃぜつ	N1
遮る	N1
さえぎる	N1
借り	N1
若し	N1
もし	N1
若しかしたら	N1
もしかしたら	N1
若しかして	N1
もしかして	N1
若しかすると	N1
もしかすると	N1
若しくは	N1
もしくは	N1
若しも	N1
もしも	N1
若干	N1
じゃっかん	N1
弱	N1
じゃく	N1
弱まる	N1
よわまる	N1
弱める	N1
よわめる	N1
弱る	N1
よわる	N1
主演	N1
しゅえん	N1
主観	N1
しゅかん	N1
主権	N1
しゅけん	N1
主催	N1
しゅさい	N1
主食	N1
しゅしょく	N1
主人公	N1
しゅじんこう	N1
主体	N1
しゅたい	N1
主題	N1
しゅだい	N1
主導	N1
しゅどう	N1
主任	N1
しゅにん	N1
取っ手	N1
とって	N1
取りあえず	N1
とりあえず	N1
取り扱い	N1
とりあつかい	N1
取り扱う	N1
とりあつかう	N1
取り引き	N1
とりひき	N1
取り巻く	N1
とりまく	N1
取り寄せる	N1
とりよせる	N1
取り混ぜる	N1
とりまぜる	N1
取り次ぐ	N1
とりつぐ	N1
取り除く	N1
とりのぞく	N1
取り組む	N1
とりくむ	N1
取り替え	N1
とりかえ	N1
取り調べる	N1
とりしらべる	N1
取り締まり	N1
とりしまり	N1
取り締まる	N1
とりしまる	N1
取り分	N1
とりわけ	N1
取り戻す	N1
とりもどす	N1
取り立てる	N1
とりたてる	N1
取材	N1
しゅざい	N1
守衛	N1
しゅえい	N1
守備	N1
しゅび	N1
手引き	N1
てびき	N1
手回し	N1
てまわし	N1
手掛かり	N1
てがかり	N1
手掛ける	N1
てがける	N1
手近	N1
てぢか	N1
手軽	N1
てがる	N1
手芸	N1
しゅげい	N1
手元	N1
てもと	N1
手際	N1
てぎわ	N1
手順	N1
てじゅん	N1
手錠	N1
てじょう	N1
手数	N1
てかず	N1
手遅れ	N1
ておくれ	N1
手当て	N1
てあて	N1
手配	N1
てはい	N1
手筈	N1
てはず	N1
手分け	N1
てわけ	N1
手法	N1
しゅほう	N1
手本	N1
てほん	N1
殊に	N1
ことに	N1
種	N1
しゅ	N1
種々	N1
くさぐさ	N1
腫れる	N1
はれる	N1
趣	N1
おもむき	N1
趣旨	N1
しゅし	N1
首飾り	N1
くびかざり	N1
首脳	N1
しゅのう	N1
首輪	N1
くびわ	N1
受かる	N1
うかる	N1
受け継ぐ	N1
うけつぐ	N1
受け止める	N1
うけとめる	N1
受け取り	N1
うけとり	N1
受け入れ	N1
うけいれ	N1
受け入れる	N1
うけいれる	N1
受け付ける	N1
うけつける	N1
受身	N1
うけみ	N1
授ける	N1
さずける	N1
樹木	N1
じゅもく	N1
樹立	N1
じゅりつ	N1
収まる	N1
収益	N1
しゅうえき	N1
収支	N1
しゅうし	N1
収集	N1
しゅうしゅう	N1
収容	N1
しゅうよう	N1
周	N1
しゅう	N1
周期	N1
しゅうき	N1
就業	N1
しゅうぎょう	N1
修学	N1
しゅうがく	N1
修行	N1
修士	N1
修飾	N1
しゅうしょく	N1
修了	N1
しゅうりょう	N1
終わる	N1
おわる	N1
終始	N1
終日	N1
しゅうじつ	N1
衆	N1
衆議院	N1
しゅうぎいん	N1
襲う	N1
おそう	N1
襲撃	N1
しゅうげき	N1
蹴飛ばす	N1
けとばす	N1
集まる	N1
あつまる	N1
集計	N1
しゅうけい	N1
住	N1
じゅう	N1
充実	N1
じゅうじつ	N1
十字路	N1
じゅうじろ	N1
十分	N1
じっぷん	N1
従って	N1
したがって	N1
従業員	N1
じゅうぎょういん	N1
従事	N1
じゅうじ	N1
従来	N1
じゅうらい	N1
柔軟	N1
じゅうなん	N1
渋い	N1
しぶい	N1
獣	N1
けだもの	N1
重	N1
重なる	N1
おもなる	N1
重んじる	N1
おもんじる	N1
重んずる	N1
おもんずる	N1
重複	N1
じゅうふく	N1
重宝	N1
じゅうほう	N1
重役	N1
おもやく	N1
銃	N1
つつ	N1
宿命	N1
しゅくめい	N1
祝賀	N1
しゅくが	N1
縮まる	N1
ちぢまる	N1
塾	N1
じゅく	N1
出くわす	N1
でくわす	N1
出演	N1
しゅつえん	N1
出血	N1
しゅっけつ	N1
出合う	N1
であう	N1
出産	N1
しゅっさん	N1
出社	N1
しゅっしゃ	N1
出世	N1
しゅっせ	N1
出生	N1
しゅっしょう	N1
出切る	N1
できる	N1
出題	N1
しゅつだい	N1
出鱈目	N1
でたらめ	N1
出直し	N1
でなおし	N1
出動	N1
しゅつどう	N1
出入り口	N1
でいりぐち	N1
出費	N1
しゅっぴ	N1
出品	N1
しゅっぴん	N1
出来物	N1
できもの	N1
瞬き	N1
またたき	N1
準じる	N1
じゅんじる	N1
準ずる	N1
じゅんずる	N1
準急	N1
じゅんきゅう	N1
潤う	N1
うるおう	N1
盾	N1
たて	N1
処置	N1
しょち	N1
処罰	N1
しょばつ	N1
処分	N1
しょぶん	N1
初	N1
はつ	N1
初耳	N1
はつみみ	N1
初版	N1
しょはん	N1
所々	N1
しょしょ	N1
所が	N1
ところが	N1
所で	N1
ところで	N1
所謂	N1
いわゆる	N1
所在	N1
しょざい	N1
所持	N1
しょじ	N1
所属	N1
しょぞく	N1
所定	N1
しょてい	N1
所得	N1
しょとく	N1
庶民	N1
しょみん	N1
庶務	N1
しょむ	N1
書き取り	N1
かきとり	N1
書き取る	N1
かきとる	N1
書評	N1
しょひょう	N1
諸	N1
しょ	N1
諸君	N1
しょくん	N1
助	N1
じょ	N1
助け	N1
たすけ	N1
助言	N1
じょげん	N1
助詞	N1
じょし	N1
助動詞	N1
じょどうし	N1
女史	N1
女子	N1
おなご	N1
徐々	N1
そろそろ	N1
徐行	N1
じょこう	N1
除外	N1
じょがい	N1
傷	N1
しょう	N1
傷付く	N1
きずつく	N1
勝る	N1
まさる	N1
勝利	N1
しょうり	N1
召す	N1
商	N1
商人	N1
あきうど	N1
唱える	N1
となえる	N1
嘗て	N1
かつて	N1
嘗める	N1
なめる	N1
奨励	N1
しょうれい	N1
小児科	N1
しょうにか	N1
小切手	N1
こぎって	N1
小銭	N1
こぜに	N1
小売	N1
こうり	N1
小柄	N1
こがら	N1
少なくとも	N1
すくなくとも	N1
少女	N1
おとめ	N1
少数	N1
しょうすう	N1
尚	N1
なお	N1
尚更	N1
なおさら	N1
床	N1
とこ	N1
承諾	N1
しょうだく	N1
招き	N1
まねき	N1
掌	N1
たなごころ	N1
昇進	N1
しょうしん	N1
梢	N1
こずえ	N1
沼	N1
ぬま	N1
消去	N1
しょうきょ	N1
消息	N1
しょうそく	N1
消耗	N1
しょうこう	N1
焦げ茶	N1
こげちゃ	N1
焦る	N1
あせる	N1
照り返す	N1
てりかえす	N1
照合	N1
しょうごう	N1
照明	N1
しょうめい	N1
症	N1
省みる	N1
称する	N1
しょうする	N1
衝撃	N1
しょうげき	N1
証	N1
あかし	N1
証拠	N1
しょうこ	N1
証言	N1
しょうげん	N1
証人	N1
しょうにん	N1
詳細	N1
しょうさい	N1
象	N1
象徴	N1
しょうちょう	N1
障る	N1
さわる	N1
上がり	N1
あがり	N1
上がる	N1
あがる	N1
上位	N1
じょうい	N1
上演	N1
じょうえん	N1
上下	N1
うえした	N1
上回る	N1
うわまわる	N1
上空	N1
じょうくう	N1
上司	N1
じょうし	N1
上手	N1
うわて	N1
上昇	N1
じょうしょう	N1
上陸	N1
じょうりく	N1
丈	N1
たけ	N1
丈夫	N1
じょうふ	N1
乗っ取る	N1
のっとる	N1
乗り換え	N1
のりかえ	N1
乗り込む	N1
のりこむ	N1
乗客	N1
じょうかく	N1
城下	N1
じょうか	N1
嬢	N1
情	N1
情け	N1
なさけ	N1
情け深い	N1
なさけぶかい	N1
情緒	N1
じょうしょ	N1
情勢	N1
じょうせい	N1
情熱	N1
じょうねつ	N1
条約	N1
じょうやく	N1
杖	N1
つえ	N1
状	N1
畳	N1
蒸留	N1
じょうりゅう	N1
譲歩	N1
じょうほ	N1
植わる	N1
うわる	N1
植民地	N1
しょくみんち	N1
織	N1
おり	N1
織る	N1
おる	N1
織物	N1
おりもの	N1
職員	N1
しょくいん	N1
職務	N1
しょくむ	N1
色々	N1
いろいろ	N1
色彩	N1
しきさい	N1
食い違う	N1
くいちがう	N1
尻尾	N1
しっぽ	N1
信者	N1
しんじゃ	N1
信任	N1
しんにん	N1
侵す	N1
おかす	N1
侵略	N1
しんりゃく	N1
寝かせる	N1
ねかせる	N1
審議	N1
しんぎ	N1
審査	N1
しんさ	N1
審判	N1
しんばん	N1
心掛け	N1
こころがけ	N1
心掛ける	N1
こころがける	N1
心強い	N1
こころづよい	N1
心細い	N1
こころぼそい	N1
心情	N1
しんじょう	N1
心地	N1
ここち	N1
心中	N1
しんじゅう	N1
心得	N1
こころえ	N1
慎む	N1
つつしむ	N1
振り	N1
ふり	N1
振り出し	N1
ふりだし	N1
振興	N1
しんこう	N1
振動	N1
しんどう	N1
新	N1
しん	N1
新興	N1
新婚	N1
しんこん	N1
新人	N1
しんじん	N1
新築	N1
しんちく	N1
新入生	N1
しんにゅうせい	N1
浸す	N1
ひたす	N1
深める	N1
ふかめる	N1
申し込み	N1
もうしこみ	N1
申し出る	N1
もうしでる	N1
申し入れる	N1
もうしいれる	N1
申し分	N1
もうしぶん	N1
申告	N1
しんこく	N1
申出	N1
もうしで	N1
真っ二つ	N1
まっぷたつ	N1
真に	N1
まことに	N1
真ん丸い	N1
まんまるい	N1
真ん前	N1
まんまえ	N1
真ん中	N1
まんなか	N1
真下	N1
ました	N1
真実	N1
さな	N1
真珠	N1
しんじゅ	N1
真上	N1
まうえ	N1
真心	N1
まこころ	N1
真相	N1
しんそう	N1
真理	N1
しんり	N1
神聖	N1
しんせい	N1
神殿	N1
しんでん	N1
神秘	N1
しんぴ	N1
紳士	N1
しんし	N1
親しむ	N1
したしむ	N1
親善	N1
しんぜん	N1
診療	N1
しんりょう	N1
身なり	N1
みなり	N1
身近	N1
みぢか	N1
身振り	N1
みぶり	N1
身体	N1
からだ	N1
辛うじて	N1
かろうじて	N1
辛抱	N1
しんぼう	N1
進み	N1
すすみ	N1
進化	N1
しんか	N1
進行	N1
進出	N1
しんしゅつ	N1
進呈	N1
しんてい	N1
進展	N1
しんてん	N1
進度	N1
しんど	N1
進路	N1
しんろ	N1
震わせる	N1
ふるわせる	N1
人	N1
じん	N1
人格	N1
じんかく	N1
人材	N1
じんざい	N1
人質	N1
ひとじち	N1
人情	N1
にんじょう	N1
人体	N1
じんたい	N1
人柄	N1
ひとがら	N1
人民	N1
じんみん	N1
人目	N1
じんもく	N1
刃	N1
は	N1
塵取り	N1
ちりとり	N1
甚だ	N1
はなはだ	N1
尽きる	N1
つきる	N1
尽くす	N1
つくす	N1
迅速	N1
じんそく	N1
図々しい	N1
ずうずうしい	N1
図る	N1
吹奏	N1
すいそう	N1
垂れる	N1
たれる	N1
推進	N1
すいしん	N1
推測	N1
すいそく	N1
推理	N1
すいり	N1
水気	N1
すいき	N1
水源	N1
すいげん	N1
水洗	N1
すいせん	N1
水田	N1
すいでん	N1
粋	N1
いき	N1
衰える	N1
おとろえる	N1
遂げる	N1
とげる	N1
崇拝	N1
すうはい	N1
嵩む	N1
かさむ	N1
嵩張る	N1
かさばる	N1
数詞	N1
すうし	N1
雛	N1
ひな	N1
据える	N1
すえる	N1
据え付ける	N1
すえつける	N1
裾	N1
すそ	N1
澄ます	N1
世	N1
よ	N1
世辞	N1
せじ	N1
世帯	N1
せたい	N1
世代	N1
せだい	N1
世論	N1
せろん	N1
是正	N1
ぜせい	N1
是非とも	N1
ぜひとも	N1
制	N1
せい	N1
制する	N1
せいする	N1
制裁	N1
せいさい	N1
制定	N1
せいてい	N1
制服	N1
せいふく	N1
制約	N1
せいやく	N1
勢力	N1
せいりょく	N1
姓名	N1
せいめい	N1
征服	N1
成り立つ	N1
なりたつ	N1
成るべく	N1
なるべく	N1
成る丈	N1
なるたけ	N1
成果	N1
せいか	N1
成熟	N1
せいじゅく	N1
成年	N1
せいねん	N1
政権	N1
せいけん	N1
政策	N1
せいさく	N1
整える	N1
ととのえる	N1
整然	N1
せいぜん	N1
整列	N1
せいれつ	N1
星座	N1
せいざ	N1
晴天	N1
せいてん	N1
正しく	N1
まさしく	N1
正に	N1
まさに	N1
正解	N1
せいかい	N1
正規	N1
せいき	N1
正義	N1
せいぎ	N1
正常	N1
せいじょう	N1
正当	N1
せいとう	N1
清々しい	N1
すがすがしい	N1
清らか	N1
きよらか	N1
清算	N1
せいさん	N1
清純	N1
せいじゅん	N1
清濁	N1
せいだく	N1
生	N1
生かす	N1
いかす	N1
生まれつき	N1
うまれつき	N1
生やす	N1
はやす	N1
生育	N1
せいいく	N1
生温い	N1
なまぬるい	N1
生計	N1
せいけい	N1
生死	N1
せいし	N1
生臭い	N1
なまぐさい	N1
生真面目	N1
きまじめ	N1
生身	N1
なまみ	N1
生理	N1
せいり	N1
盛り上がる	N1
もりあがる	N1
盛る	N1
さかる	N1
盛装	N1
せいそう	N1
盛大	N1
せいだい	N1
精巧	N1
せいこう	N1
精密	N1
せいみつ	N1
聖書	N1
せいしょ	N1
声明	N1
製	N1
製鉄	N1
せいてつ	N1
製法	N1
せいほう	N1
西日	N1
にしび	N1
誠	N1
まこと	N1
誠実	N1
せいじつ	N1
青春	N1
せいしゅん	N1
静止	N1
静的	N1
せいてき	N1
税務署	N1
ぜいむしょ	N1
脆い	N1
もろい	N1
惜しむ	N1
おしむ	N1
積もり	N1
つもり	N1
責務	N1
せきむ	N1
赤ちゃん	N1
あかちゃん	N1
赤らむ	N1
あからむ	N1
赤字	N1
あかじ	N1
跡継ぎ	N1
あとつぎ	N1
跡切れる	N1
とぎれる	N1
切っ掛け	N1
きっかけ	N1
切ない	N1
せつない	N1
切り	N1
切り替える	N1
きりかえる	N1
切れ目	N1
きれめ	N1
切開	N1
せっかい	N1
切実	N1
せつじつ	N1
接ぐ	N1
接触	N1
せっしょく	N1
接続詞	N1
せつぞくし	N1
折り返す	N1
おりかえす	N1
折衷	N1
せっちゅう	N1
設ける	N1
もうける	N1
設置	N1
せっち	N1
設定	N1
せってい	N1
設立	N1
せつりつ	N1
節	N1
せつ	N1
説く	N1
とく	N1
説得	N1
せっとく	N1
雪崩	N1
なだれ	N1
絶える	N1
たえる	N1
絶つ	N1
たつ	N1
絶版	N1
ぜっぱん	N1
絶望	N1
ぜつぼう	N1
仙	N1
せん	N1
先だって	N1
せんだって	N1
先に	N1
さきに	N1
先行	N1
せんこう	N1
先先月	N1
せんせんげつ	N1
先先週	N1
せんせんしゅう	N1
先代	N1
せんだい	N1
先着	N1
せんちゃく	N1
先天的	N1
せんてんてき	N1
占領	N1
せんりょう	N1
宣教	N1
せんきょう	N1
宣言	N1
せんげん	N1
専ら	N1
もっぱら	N1
専修	N1
せんしゅう	N1
専用	N1
せんよう	N1
戦	N1
戦災	N1
せんさい	N1
戦術	N1
せんじゅつ	N1
戦闘	N1
せんとう	N1
戦力	N1
せんりょく	N1
浅ましい	N1
あさましい	N1
染まる	N1
そまる	N1
染みる	N1
しみる	N1
染める	N1
そめる	N1
潜る	N1
くぐる	N1
潜水	N1
せんすい	N1
潜入	N1
せんにゅう	N1
煽てる	N1
おだてる	N1
繊維	N1
せんい	N1
船舶	N1
せんぱく	N1
選挙	N1
せんきょ	N1
選考	N1
鮮やか	N1
あざやか	N1
前	N1
前もって	N1
まえもって	N1
前置き	N1
まえおき	N1
前提	N1
ぜんてい	N1
前途	N1
ぜんと	N1
前売り	N1
まえうり	N1
前例	N1
ぜんれい	N1
善し悪し	N1
よしあし	N1
善良	N1
ぜんりょう	N1
然うして	N1
そうして	N1
然し	N1
しかし	N1
然して	N1
そして	N1
然しながら	N1
しかしながら	N1
然も	N1
さも	N1
全快	N1
ぜんかい	N1
全盛	N1
ぜんせい	N1
全滅	N1
ぜんめつ	N1
禅	N1
ぜん	N1
繕う	N1
つくろう	N1
膳	N1
措置	N1
そち	N1
疎か	N1
おろそか	N1
粗筋	N1
あらすじ	N1
素っ気ない	N1
そっけない	N1
素材	N1
そざい	N1
素早い	N1
すばやい	N1
素敵	N1
すてき	N1
素朴	N1
そぼく	N1
組み合わせ	N1
くみあわせ	N1
組み合わせる	N1
くみあわせる	N1
組み込む	N1
くみこむ	N1
訴え	N1
うったえ	N1
訴訟	N1
そしょう	N1
阻む	N1
はばむ	N1
阻止	N1
そし	N1
鼠	N1
ねず	N1
僧	N1
創刊	N1
そうかん	N1
創造	N1
そうぞう	N1
創立	N1
そうりつ	N1
壮大	N1
そうだい	N1
爽やか	N1
さわやか	N1
捜査	N1
そうさ	N1
捜索	N1
そうさく	N1
掻き回す	N1
かきまわす	N1
操る	N1
あやつる	N1
操縦	N1
そうじゅう	N1
早める	N1
はやめる	N1
早急	N1
さっきゅう	N1
漕ぐ	N1
こぐ	N1
争い	N1
あらそい	N1
相	N1
あい	N1
相応	N1
そうおう	N1
相応しい	N1
ふさわしい	N1
相場	N1
そうば	N1
相対	N1
あいたい	N1
相変わらず	N1
あいかわらず	N1
総	N1
総会	N1
そうかい	N1
総合	N1
そうごう	N1
草臥れる	N1
くたびれる	N1
葬る	N1
ほうむる	N1
藻掻く	N1
もがく	N1
装飾	N1
そうしょく	N1
装備	N1
そうび	N1
走行	N1
そうこう	N1
送金	N1
そうきん	N1
遭難	N1
そうなん	N1
騒動	N1
そうどう	N1
像	N1
ぞう	N1
増し	N1
まし	N1
増強	N1
ぞうきょう	N1
増進	N1
ぞうしん	N1
憎しみ	N1
にくしみ	N1
蔵	N1
くら	N1
蔵相	N1
ぞうしょう	N1
造り	N1
造る	N1
つくる	N1
促す	N1
うながす	N1
促進	N1
そくしん	N1
側	N1
かわ	N1
側面	N1
そくめん	N1
即する	N1
そくする	N1
即ち	N1
すなわち	N1
即座に	N1
そくざに	N1
束の間	N1
つかのま	N1
束縛	N1
そくばく	N1
足し算	N1
たしざん	N1
其の儘	N1
そのまま	N1
其れ	N1
それ	N1
其れから	N1
それから	N1
其れで	N1
それで	N1
其れでは	N1
それでは	N1
其れでも	N1
それでも	N1
其れに	N1
それに	N1
其れ共	N1
それとも	N1
其れ故	N1
それゆえ	N1
其れ程	N1
それほど	N1
其処	N1
そこ	N1
其処で	N1
そこで	N1
其処ら	N1
そこら	N1
其方	N1
そちら	N1
揃い	N1
そろい	N1
存続	N1
そんぞく	N1
尊い	N1
尊ぶ	N1
たっとぶ	N1
損なう	N1
そこなう	N1
損失	N1
そんしつ	N1
他意	N1
たい	N1
他人	N1
あだびと	N1
他動詞	N1
たどうし	N1
他方	N1
たほう	N1
多数決	N1
たすうけつ	N1
多忙	N1
たぼう	N1
多様	N1
たよう	N1
唾	N1
つば	N1
妥協	N1
だきょう	N1
妥結	N1
だけつ	N1
打ち合わせ	N1
うちあわせ	N1
打ち合わせる	N1
うちあわせる	N1
打ち込む	N1
うちこむ	N1
打ち消し	N1
うちけし	N1
打ち切る	N1
うちきる	N1
打開	N1
だかい	N1
打撃	N1
だげき	N1
打付ける	N1
ぶつける	N1
駄作	N1
ださく	N1
体	N1
てい	N1
体格	N1
たいかく	N1
体験	N1
たいけん	N1
体裁	N1
ていさい	N1
体付き	N1
からだつき	N1
体力	N1
たいりょく	N1
対して	N1
たいして	N1
対応	N1
たいおう	N1
対決	N1
たいけつ	N1
対抗	N1
たいこう	N1
対処	N1
たいしょ	N1
対談	N1
たいだん	N1
対等	N1
たいとう	N1
対比	N1
たいひ	N1
対辺	N1
たいへん	N1
対面	N1
たいめん	N1
対立	N1
たいりつ	N1
対話	N1
たいわ	N1
耐える	N1
帯びる	N1
おびる	N1
待ち遠しい	N1
まちどおしい	N1
待ち合わせ	N1
まちあわせ	N1
待ち望む	N1
まちのぞむ	N1
待遇	N1
たいぐう	N1
待望	N1
たいぼう	N1
怠い	N1
だるい	N1
怠慢	N1
たいまん	N1
態々	N1
わざわざ	N1
態と	N1
わざと	N1
態勢	N1
たいせい	N1
戴きます	N1
いただきます	N1
滞る	N1
とどこおる	N1
滞納	N1
たいのう	N1
腿	N1
もも	N1
退く	N1
しりぞく	N1
退ける	N1
しりぞける	N1
退化	N1
たいか	N1
退学	N1
たいがく	N1
退治	N1
たいじ	N1
退職	N1
たいしょく	N1
代	N1
しろ	N1
代わる	N1
かわる	N1
代わる代わる	N1
かわるがわる	N1
代弁	N1
だいべん	N1
代用	N1
だいよう	N1
台本	N1
だいほん	N1
台無し	N1
だいなし	N1
大げさ	N1
おおげさ	N1
大ざっぱ	N1
おおざっぱ	N1
大概	N1
たいがい	N1
大筋	N1
おおすじ	N1
大金	N1
たいきん	N1
大空	N1
おおぞら	N1
大事	N1
おおごと	N1
大衆	N1
たいしゅう	N1
大人しい	N1
おとなしい	N1
大水	N1
おおみず	N1
大胆	N1
だいたん	N1
大部	N1
たいぶ	N1
大幅	N1
おおはば	N1
大柄	N1
おおがら	N1
大便	N1
大方	N1
おおかた	N1
第	N1
だい	N1
第一	N1
だいいち	N1
沢山	N1
たくさん	N1
濯ぐ	N1
すすぐ	N1
達者	N1
たっしゃ	N1
達成	N1
たっせい	N1
脱する	N1
だっする	N1
脱出	N1
だっしゅつ	N1
脱退	N1
だったい	N1
辿り着く	N1
たどりつく	N1
辿る	N1
たどる	N1
誰	N1
たれ	N1
単	N1
ひとえ	N1
単一	N1
たんいつ	N1
単調	N1
たんちょう	N1
単独	N1
たんどく	N1
嘆く	N1
なげく	N1
担う	N1
になう	N1
担架	N1
たんか	N1
探検	N1
たんけん	N1
旦那	N1
だんな	N1
歎	N1
たん	N1
炭素	N1
たんそ	N1
短歌	N1
短気	N1
たんき	N1
短縮	N1
たんしゅく	N1
短大	N1
たんだい	N1
短波	N1
たんぱ	N1
箪笥	N1
たんす	N1
綻びる	N1
ほころびる	N1
蛋白質	N1
たんぱくしつ	N1
鍛える	N1
きたえる	N1
団結	N1
だんけつ	N1
団扇	N1
うちわ	N1
壇	N1
だん	N1
弾く	N1
はじく	N1
弾む	N1
はずむ	N1
弾力	N1
だんりょく	N1
断言	N1
だんげん	N1
断然	N1
だんぜん	N1
断面	N1
だんめん	N1
段々	N1
だんだん	N1
値	N1
あたい	N1
値する	N1
あたいする	N1
値引き	N1
ねびき	N1
値打ち	N1
ねうち	N1
知り合い	N1
しりあい	N1
知性	N1
ちせい	N1
知的	N1
ちてき	N1
地形	N1
地元	N1
じもと	N1
地獄	N1
じごく	N1
地主	N1
じぬし	N1
地方	N1
じかた	N1
弛み	N1
たるみ	N1
弛む	N1
たるむ	N1
恥	N1
はじ	N1
恥じらう	N1
はじらう	N1
恥じる	N1
はじる	N1
遅くとも	N1
おそくとも	N1
遅らす	N1
おくらす	N1
遅れ	N1
おくれ	N1
築く	N1
きずく	N1
畜産	N1
ちくさん	N1
畜生	N1
ちくしょう	N1
蓄積	N1
ちくせき	N1
秩序	N1
ちつじょ	N1
窒息	N1
ちっそく	N1
茶の間	N1
ちゃのま	N1
茶の湯	N1
ちゃのゆ	N1
着	N1
ちゃく	N1
着工	N1
ちゃっこう	N1
着手	N1
ちゃくしゅ	N1
着飾る	N1
きかざる	N1
着色	N1
ちゃくしょく	N1
着席	N1
ちゃくせき	N1
着目	N1
ちゃくもく	N1
着陸	N1
ちゃくりく	N1
中継	N1
ちゅうけい	N1
中指	N1
ちゅうし	N1
中傷	N1
ちゅうしょう	N1
中枢	N1
ちゅうすう	N1
中断	N1
ちゅうだん	N1
中程	N1
なかほど	N1
中毒	N1
ちゅうどく	N1
中腹	N1
ちゅうっぱら	N1
中立	N1
ちゅうりつ	N1
中和	N1
ちゅうわ	N1
仲人	N1
ちゅうにん	N1
宙返り	N1
ちゅうがえり	N1
忠告	N1
ちゅうこく	N1
忠実	N1
ちゅうじつ	N1
抽選	N1
ちゅうせん	N1
昼間	N1
ちゅうかん	N1
昼飯	N1
ちゅうはん	N1
柱	N1
はしら	N1
著	N1
著しい	N1
いちじるしい	N1
著書	N1
ちょしょ	N1
著名	N1
ちょめい	N1
貯蓄	N1
ちょちく	N1
丁々	N1
とうとう	N1
丁目	N1
ちょうめ	N1
兆	N1
きざし	N1
兆し	N1
喋る	N1
しゃべる	N1
帳	N1
とばり	N1
庁	N1
ちょう	N1
張り紙	N1
はりがみ	N1
徴収	N1
ちょうしゅう	N1
懲りる	N1
こりる	N1
挑む	N1
いどむ	N1
挑戦	N1
ちょうせん	N1
朝寝坊	N1
あさねぼう	N1
潮	N1
うしお	N1
聴覚	N1
ちょうかく	N1
聴講	N1
ちょうこう	N1
聴診器	N1
ちょうしんき	N1
腸	N1
蝶	N1
調べ	N1
しらべ	N1
調印	N1
ちょういん	N1
調停	N1
ちょうてい	N1
調理	N1
ちょうり	N1
調和	N1
ちょうわ	N1
超	N1
長	N1
おさ	N1
長々	N1
ながなが	N1
長官	N1
ちょうかん	N1
長閑	N1
のどか	N1
長大	N1
ちょうだい	N1
長編	N1
ちょうへん	N1
頂	N1
いただき	N1
鳥居	N1
とりい	N1
捗る	N1
はかどる	N1
直ぐ	N1
すぐ	N1
直感	N1
ちょっかん	N1
直面	N1
ちょくめん	N1
沈める	N1
しずめる	N1
沈殿	N1
ちんでん	N1
沈没	N1
ちんぼつ	N1
沈黙	N1
ちんもく	N1
賃金	N1
ちんぎん	N1
陳列	N1
ちんれつ	N1
津波	N1
つなみ	N1
墜落	N1
ついらく	N1
追い込む	N1
おいこむ	N1
追い出す	N1
おいだす	N1
追及	N1
ついきゅう	N1
追跡	N1
ついせき	N1
追放	N1
ついほう	N1
痛む	N1
いたむ	N1
痛める	N1
いためる	N1
痛感	N1
つうかん	N1
痛切	N1
つうせつ	N1
通	N1
つう	N1
通りかかる	N1
とおりかかる	N1
通常	N1
つうじょう	N1
辻褄	N1
つじつま	N1
綴じる	N1
とじる	N1
壷	N1
つぼ	N1
吊り革	N1
つりかわ	N1
吊るす	N1
つるす	N1
釣り	N1
つり	N1
釣鐘	N1
つりがね	N1
停滞	N1
ていたい	N1
剃る	N1
する	N1
堤防	N1
ていぼう	N1
定まる	N1
さだまる	N1
定める	N1
さだめる	N1
定義	N1
ていぎ	N1
定食	N1
ていしょく	N1
定年	N1
ていねん	N1
弟	N1
おと	N1
提供	N1
ていきょう	N1
提携	N1
ていけい	N1
提示	N1
ていじ	N1
梯子	N1
ていし	N1
締め切り	N1
しめきり	N1
訂正	N1
ていせい	N1
諦め	N1
あきらめ	N1
邸宅	N1
ていたく	N1
摘む	N1
つまむ	N1
敵	N1
かたき	N1
的	N1
てき	N1
適応	N1
てきおう	N1
適宜	N1
てきぎ	N1
適性	N1
てきせい	N1
徹する	N1
てっする	N1
鉄鋼	N1
てっこう	N1
鉄片	N1
てっぺん	N1
鉄棒	N1
かなぼう	N1
填まる	N1
はまる	N1
填める	N1
はめる	N1
天	N1
あまつ	N1
天井	N1
てんじょう	N1
天皇	N1
すめらぎ	N1
天国	N1
てんごく	N1
天才	N1
てんさい	N1
天災	N1
天体	N1
てんたい	N1
天地	N1
あめつち	N1
展示	N1
てんじ	N1
展望	N1
てんぼう	N1
店	N1
てん	N1
添う	N1
添える	N1
そえる	N1
纏まり	N1
まとまり	N1
纏め	N1
まとめ	N1
転じる	N1
てんじる	N1
転回	N1
てんかい	N1
転換	N1
てんかん	N1
転居	N1
てんきょ	N1
転勤	N1
てんきん	N1
転校	N1
てんこう	N1
転転	N1
てんてん	N1
転任	N1
てんにん	N1
転落	N1
てんらく	N1
点火	N1
てんか	N1
点検	N1
てんけん	N1
点線	N1
てんせん	N1
伝言	N1
つてごと	N1
伝説	N1
でんせつ	N1
伝達	N1
でんたつ	N1
伝来	N1
でんらい	N1
殿	N1
しんがり	N1
殿様	N1
とのさま	N1
田園	N1
でんえん	N1
電源	N1
でんげん	N1
電線	N1
でんせん	N1
兎に角	N1
とにかく	N1
兎も角	N1
ともかく	N1
兎角	N1
とかく	N1
吐く	N1
つく	N1
妬む	N1
ねたむ	N1
徒歩	N1
とほ	N1
渡り鳥	N1
わたりどり	N1
登校	N1
とうこう	N1
登録	N1
とうろく	N1
賭け	N1
賭ける	N1
途上	N1
とじょう	N1
途絶える	N1
とだえる	N1
途中	N1
つちゅう	N1
努めて	N1
つとめて	N1
度々	N1
たびたび	N1
度忘れ	N1
どわすれ	N1
土産	N1
どさん	N1
土手	N1
どて	N1
土台	N1
どだい	N1
土俵	N1
どひょう	N1
土木	N1
どぼく	N1
奴	N1
やっこ	N1
怒り	N1
いかり	N1
怒る	N1
いかる	N1
怒鳴る	N1
どなる	N1
倒産	N1
とうさん	N1
冬眠	N1
とうみん	N1
投げ出す	N1
なげだす	N1
投資	N1
とうし	N1
投入	N1
とうにゅう	N1
東	N1
あずま	N1
棟	N1
とう	N1
盗み	N1
ぬすみ	N1
灯	N1
ともしび	N1
当たり	N1
あたり	N1
当たり前	N1
あたりまえ	N1
当て	N1
当てはまる	N1
あてはまる	N1
当てはめる	N1
あてはめる	N1
当て字	N1
あてじ	N1
当人	N1
とうにん	N1
当選	N1
とうせん	N1
等	N1
等級	N1
とうきゅう	N1
答え	N1
こたえ	N1
筒	N1
統合	N1
とうごう	N1
統治	N1
とうじ	N1
統制	N1
とうせい	N1
統率	N1
とうそつ	N1
到達	N1
とうたつ	N1
到底	N1
とうてい	N1
蕩ける	N1
とろける	N1
討議	N1
とうぎ	N1
討論	N1
とうろん	N1
踏まえる	N1
ふまえる	N1
逃げ出す	N1
にげだす	N1
逃す	N1
のがす	N1
逃れる	N1
のがれる	N1
逃走	N1
とうそう	N1
逃亡	N1
とうぼう	N1
陶器	N1
とうき	N1
働	N1
どう	N1
動き	N1
うごき	N1
動員	N1
どういん	N1
動機	N1
どうき	N1
動向	N1
どうこう	N1
動的	N1
どうてき	N1
動揺	N1
どうよう	N1
動力	N1
どうりょく	N1
同	N1
同い年	N1
おないどし	N1
同意	N1
どうい	N1
同感	N1
どうかん	N1
同級	N1
どうきゅう	N1
同居	N1
どうきょ	N1
同士	N1
どうし	N1
同志	N1
同情	N1
どうじょう	N1
同調	N1
どうちょう	N1
同等	N1
どうとう	N1
同封	N1
どうふう	N1
同盟	N1
どうめい	N1
堂々	N1
どうどう	N1
導く	N1
みちびく	N1
導入	N1
どうにゅう	N1
憧れ	N1
あこがれ	N1
胴	N1
道場	N1
銅	N1
あかがね	N1
得点	N1
とくてん	N1
特技	N1
とくぎ	N1
特許	N1
とっきょ	N1
特権	N1
とっけん	N1
特産	N1
とくさん	N1
特集	N1
とくしゅう	N1
特派	N1
とくは	N1
特有	N1
とくゆう	N1
独裁	N1
どくさい	N1
独自	N1
どくじ	N1
独占	N1
どくせん	N1
独創	N1
どくそう	N1
読み上げる	N1
よみあげる	N1
読者	N1
どくしゃ	N1
突く	N1
つつく	N1
突っ張る	N1
つっぱる	N1
突如	N1
とつじょ	N1
突破	N1
とっぱ	N1
届け	N1
とどけ	N1
鈍る	N1
なまる	N1
鈍感	N1
どんかん	N1
内閣	N1
ないかく	N1
内臓	N1
ないぞう	N1
内部	N1
ないぶ	N1
内訳	N1
うちわけ	N1
内乱	N1
ないらん	N1
内陸	N1
ないりく	N1
馴らす	N1
馴れ馴れしい	N1
なれなれしい	N1
南	N1
なん	N1
難	N1
難い	N1
かたい	N1
二人	N1
ににん	N1
賑わう	N1
にぎわう	N1
肉親	N1
にくしん	N1
肉体	N1
にくたい	N1
日々	N1
ひび	N1
日の丸	N1
ひのまる	N1
日向	N1
ひなた	N1
日頃	N1
ひごろ	N1
日取り	N1
ひどり	N1
日焼け	N1
ひやけ	N1
日当	N1
にっとう	N1
日付	N1
かづけ	N1
日夜	N1
にちや	N1
乳	N1
ちち	N1
入る	N1
いる	N1
入口	N1
いりくち	N1
入手	N1
にゅうしゅ	N1
入賞	N1
にゅうしょう	N1
入浴	N1
にゅうよく	N1
如何	N1
いかが	N1
如何して	N1
どうして	N1
如何しても	N1
どうしても	N1
如何に	N1
いかに	N1
如何にも	N1
いかにも	N1
尿	N1
にょう	N1
任す	N1
まかす	N1
任務	N1
にんむ	N1
任命	N1
にんめい	N1
妊娠	N1
にんしん	N1
認める	N1
したためる	N1
認識	N1
にんしき	N1
熱意	N1
ねつい	N1
熱湯	N1
ねっとう	N1
熱量	N1
ねつりょう	N1
年鑑	N1
ねんかん	N1
年寄り	N1
としより	N1
年号	N1
ねんごう	N1
年頃	N1
としごろ	N1
年生	N1
ねんせい	N1
年長	N1
ねんちょう	N1
年輪	N1
ねんりん	N1
念	N1
ねん	N1
捻じれる	N1
ねじれる	N1
捻子	N1
ねじ	N1
燃焼	N1
ねんしょう	N1
燃料	N1
ねんりょう	N1
粘り	N1
ねばり	N1
粘る	N1
ねばる	N1
乃至	N1
ないし	N1
悩ましい	N1
なやましい	N1
悩ます	N1
なやます	N1
悩み	N1
なやみ	N1
納まる	N1
納入	N1
のうにゅう	N1
脳	N1
のう	N1
農耕	N1
のうこう	N1
農場	N1
のうじょう	N1
農地	N1
のうち	N1
把握	N1
はあく	N1
派	N1
派遣	N1
はけん	N1
破壊	N1
はかい	N1
破棄	N1
はき	N1
破損	N1
はそん	N1
破裂	N1
はれつ	N1
罵る	N1
ののしる	N1
馬鹿らしい	N1
ばからしい	N1
馬鹿馬鹿しい	N1
ばかばかしい	N1
廃れる	N1
すたれる	N1
廃棄	N1
はいき	N1
廃止	N1
はいし	N1
拝啓	N1
はいけい	N1
拝借	N1
はいしゃく	N1
排除	N1
はいじょ	N1
排水	N1
はいすい	N1
敗戦	N1
はいせん	N1
杯	N1
さかずき	N1
背く	N1
そむく	N1
背景	N1
背後	N1
はいご	N1
背負う	N1
肺	N1
はい	N1
配給	N1
はいきゅう	N1
配偶者	N1
はいぐうしゃ	N1
配置	N1
はいち	N1
配布	N1
はいふ	N1
配分	N1
はいぶん	N1
配慮	N1
はいりょ	N1
配列	N1
はいれつ	N1
倍率	N1
ばいりつ	N1
梅干	N1
うめぼし	N1
売り出し	N1
うりだし	N1
売り出す	N1
うりだす	N1
売れ行き	N1
うれゆき	N1
賠償	N1
ばいしょう	N1
剥がす	N1
はがす	N1
剥ぐ	N1
はぐ	N1
剥げる	N1
はげる	N1
泊	N1
はく	N1
白状	N1
はくじょう	N1
薄弱	N1
はくじゃく	N1
迫害	N1
はくがい	N1
漠然	N1
ばくぜん	N1
爆弾	N1
ばくだん	N1
爆破	N1
ばくは	N1
筈	N1
はず	N1
発	N1
発育	N1
はついく	N1
発芽	N1
はつが	N1
発掘	N1
はっくつ	N1
発言	N1
はつげん	N1
発作	N1
ほっさ	N1
発条	N1
ばね	N1
発生	N1
はっせい	N1
発足	N1
はっそく	N1
発病	N1
はつびょう	N1
伐	N1
ばつ	N1
罰	N1
ばち	N1
抜かす	N1
ぬかす	N1
抜け出す	N1
ぬけだす	N1
伴う	N1
ともなう	N1
判	N1
はん	N1
判決	N1
はんけつ	N1
判定	N1
はんてい	N1
半端	N1
はんぱ	N1
反	N1
反する	N1
はんする	N1
反り	N1
そり	N1
反応	N1
はんのう	N1
反感	N1
はんかん	N1
反響	N1
はんきょう	N1
反撃	N1
はんげき	N1
反射	N1
はんしゃ	N1
反発	N1
はんぱつ	N1
反乱	N1
はんらん	N1
斑	N1
ぶち	N1
氾濫	N1
版	N1
版画	N1
はんが	N1
犯す	N1
班	N1
繁栄	N1
はんえい	N1
繁殖	N1
はんしょく	N1
繁盛	N1
はんじょう	N1
煩わしい	N1
わずらわしい	N1
番目	N1
ばんめ	N1
卑しい	N1
いやしい	N1
否	N1
いいえ	N1
否決	N1
ひけつ	N1
彼の	N1
あの	N1
彼此	N1
あれこれ	N1
彼処	N1
あそこ	N1
彼方	N1
あちら	N1
彼方此方	N1
あちこち	N1
悲観	N1
ひかん	N1
悲惨	N1
ひさん	N1
悲鳴	N1
ひめい	N1
扉	N1
とびら	N1
比重	N1
ひじゅう	N1
比率	N1
ひりつ	N1
比例	N1
ひれい	N1
泌み泌み	N1
しみじみ	N1
疲労	N1
ひろう	N1
碑	N1
いしぶみ	N1
秘書	N1
ひしょ	N1
肥料	N1
ひりょう	N1
費	N1
ひ	N1
費やす	N1
ついやす	N1
避難	N1
ひなん	N1
非	N1
非行	N1
ひこう	N1
非難	N1
備え付ける	N1
そなえつける	N1
備わる	N1
そなわる	N1
尾	N1
微か	N1
かすか	N1
微笑	N1
びしょう	N1
微塵	N1
みじん	N1
微量	N1
びりょう	N1
眉	N1
まゆ	N1
美	N1
び	N1
美術	N1
びじゅつ	N1
美味しい	N1
おいしい	N1
匹	N1
ひき	N1
匹敵	N1
ひってき	N1
必修	N1
ひっしゅう	N1
必然	N1
ひつぜん	N1
百科事典	N1
ひゃっかじてん	N1
百科辞典	N1
標語	N1
ひょうご	N1
漂う	N1
ただよう	N1
票	N1
ひょう	N1
描写	N1
びょうしゃ	N1
病	N1
やまい	N1
病む	N1
やむ	N1
苗	N1
なえ	N1
品質	N1
ひんしつ	N1
品種	N1
ひんしゅ	N1
浜	N1
はま	N1
浜辺	N1
はまべ	N1
貧困	N1
ひんこん	N1
貧弱	N1
ひんじゃく	N1
貧乏	N1
びんぼう	N1
頻りに	N1
しきりに	N1
頻繁	N1
ひんぱん	N1
敏感	N1
びんかん	N1
瓶	N1
かめ	N1
不意	N1
ふい	N1
不可欠	N1
ふかけつ	N1
不吉	N1
ふきつ	N1
不況	N1
ふきょう	N1
不景気	N1
ふけいき	N1
不在	N1
ふざい	N1
不山戯る	N1
ふざける	N1
不順	N1
ふじゅん	N1
不審	N1
ふしん	N1
不振	N1
不図	N1
ふと	N1
不調	N1
ふちょう	N1
不当	N1
ふとう	N1
不動産	N1
ふどうさん	N1
不評	N1
ふひょう	N1
不服	N1
ふふく	N1
不便	N1
ふびん	N1
不味い	N1
まずい	N1
不明	N1
ふめい	N1
不良	N1
ふりょう	N1
付き	N1
つき	N1
付き合う	N1
つきあう	N1
付け加える	N1
つけくわえる	N1
付属	N1
ふぞく	N1
付録	N1
ふろく	N1
富	N1
とみ	N1
富む	N1
とむ	N1
富豪	N1
ふごう	N1
布巾	N1
ふきん	N1
布告	N1
ふこく	N1
扶養	N1
ふよう	N1
普遍	N1
ふへん	N1
浮かぶ	N1
うかぶ	N1
浮気	N1
うわき	N1
浮力	N1
ふりょく	N1
父母	N1
ちちはは	N1
腐敗	N1
ふはい	N1
負う	N1
おう	N1
負かす	N1
負債	N1
ふさい	N1
負傷	N1
ふしょう	N1
負担	N1
ふたん	N1
赴く	N1
おもむく	N1
赴任	N1
ふにん	N1
侮辱	N1
ぶじょく	N1
武装	N1
ぶそう	N1
武力	N1
ぶりょく	N1
舞う	N1
まう	N1
部	N1
ぶ	N1
部下	N1
ぶか	N1
部門	N1
ぶもん	N1
封	N1
ふう	N1
封建	N1
ほうけん	N1
封鎖	N1
ふうさ	N1
風車	N1
かざぐるま	N1
風習	N1
ふうしゅう	N1
風俗	N1
ふうぞく	N1
風土	N1
ふうど	N1
副	N1
復活	N1
ふっかつ	N1
復旧	N1
ふくきゅう	N1
復興	N1
ふっこう	N1
福	N1
ふく	N1
福祉	N1
ふくし	N1
腹立ち	N1
はらだち	N1
複合	N1
ふくごう	N1
覆す	N1
くつがえす	N1
覆面	N1
ふくめん	N1
沸騰	N1
ふっとう	N1
仏	N1
ふつ	N1
仏像	N1
ぶつぞう	N1
物議	N1
ぶつぎ	N1
物好き	N1
ものずき	N1
物資	N1
ぶっし	N1
物足りない	N1
ものたりない	N1
物体	N1
ぶったい	N1
物体ない	N1
もったいない	N1
物置き	N1
ものおき	N1
分	N1
ふん	N1
分業	N1
ぶんぎょう	N1
分散	N1
ぶんさん	N1
分子	N1
ぶんし	N1
分担	N1
ぶんたん	N1
分配	N1
ぶんぱい	N1
分母	N1
ぶんぼ	N1
分離	N1
ぶんり	N1
分裂	N1
ぶんれつ	N1
噴出	N1
ふんしゅつ	N1
憤慨	N1
ふんがい	N1
焚火	N1
たきび	N1
奮闘	N1
ふんとう	N1
粉々	N1
こなごな	N1
粉末	N1
ふんまつ	N1
紛らわしい	N1
まぎらわしい	N1
紛れる	N1
まぎれる	N1
紛失	N1
ふんしつ	N1
紛争	N1
ふんそう	N1
文	N1
ふみ	N1
文化財	N1
ぶんかざい	N1
文語	N1
ぶんご	N1
文書	N1
ぶんしょ	N1
聞き取り	N1
ききとり	N1
兵器	N1
へいき	N1
兵士	N1
へいし	N1
平たい	N1
ひらたい	N1
平均	N1
ならし	N1
平行	N1
へいこう	N1
平常	N1
へいじょう	N1
平方	N1
へいほう	N1
並びに	N1
ならびに	N1
並み	N1
なみ	N1
並列	N1
へいれつ	N1
閉口	N1
閉鎖	N1
へいさ	N1
偏	N1
へん	N1
偏る	N1
かたよる	N1
偏見	N1
へんけん	N1
変革	N1
へんかく	N1
変遷	N1
へんせん	N1
変動	N1
へんどう	N1
片言	N1
かたこと	N1
片思い	N1
かたおもい	N1
片付け	N1
かたづけ	N1
編	N1
辺り	N1
ほとり	N1
返る	N1
かえる	N1
返還	N1
へんかん	N1
返済	N1
へんさい	N1
返答	N1
へんとう	N1
便宜	N1
べんぎ	N1
弁解	N1
べんかい	N1
弁護	N1
べんご	N1
弁償	N1
べんしょう	N1
弁論	N1
べんろん	N1
保つ	N1
たもつ	N1
保育	N1
ほいく	N1
保温	N1
ほおん	N1
保管	N1
ほかん	N1
保険	N1
ほけん	N1
保護	N1
ほご	N1
保守	N1
ほしゅ	N1
保障	N1
ほしょう	N1
保母	N1
ほぼ	N1
保養	N1
ほよう	N1
舗装	N1
ほそう	N1
捕らえる	N1
とらえる	N1
捕獲	N1
ほかく	N1
捕鯨	N1
ほげい	N1
捕吏	N1
ほり	N1
捕虜	N1
ほりょ	N1
歩	N1
ふ	N1
歩み	N1
あゆみ	N1
歩む	N1
あゆむ	N1
補給	N1
ほきゅう	N1
補強	N1
ほきょう	N1
補充	N1
ほじゅう	N1
補助	N1
ほじょ	N1
補償	N1
補足	N1
ほそく	N1
穂	N1
ほ	N1
募る	N1
つのる	N1
募金	N1
ぼきん	N1
墓地	N1
はかち	N1
慕う	N1
したう	N1
母校	N1
ぼこう	N1
倣	N1
ほう	N1
包む	N1
くるむ	N1
呆れる	N1
あきれる	N1
呆気ない	N1
あっけない	N1
呆然	N1
ぼうぜん	N1
報じる	N1
ほうじる	N1
報ずる	N1
ほうずる	N1
報酬	N1
ほうしゅう	N1
報道	N1
ほうどう	N1
奉る	N1
たてまつる	N1
奉仕	N1
ほうし	N1
宝器	N1
ほうき	N1
峰	N1
みね	N1
崩壊	N1
ほうかい	N1
捧げる	N1
ささげる	N1
放り込む	N1
ほうりこむ	N1
放り出す	N1
ほうりだす	N1
放棄	N1
放射	N1
ほうしゃ	N1
放射能	N1
ほうしゃのう	N1
放出	N1
ほうしゅつ	N1
放置	N1
ほうち	N1
方策	N1
ほうさく	N1
方式	N1
ほうしき	N1
法案	N1
ほうあん	N1
法学	N1
ほうがく	N1
法廷	N1
ほうてい	N1
蜂蜜	N1
はちみつ	N1
褒美	N1
ほうび	N1
訪れる	N1
おとずれる	N1
豊作	N1
飽和	N1
ほうわ	N1
乏しい	N1
とぼしい	N1
傍ら	N1
かたわら	N1
坊ちゃん	N1
ぼっちゃん	N1
妨害	N1
ぼうがい	N1
暴動	N1
ぼうどう	N1
暴風	N1
ぼうふう	N1
暴力	N1
ぼうりょく	N1
暴露	N1
ばくろ	N1
望ましい	N1
のぞましい	N1
冒頭	N1
ぼうとう	N1
紡績	N1
ぼうせき	N1
膨れる	N1
ふくれる	N1
膨脹	N1
ぼうちょう	N1
防衛	N1
ぼうえい	N1
防火	N1
ぼうか	N1
頬っぺた	N1
ほっぺた	N1
僕	N1
しもべ	N1
牧師	N1
ぼくし	N1
没収	N1
ぼっしゅう	N1
没落	N1
ぼつらく	N1
殆ど	N1
ほとんど	N1
本の	N1
ほんの	N1
本音	N1
ほんね	N1
本格	N1
ほんかく	N1
本館	N1
ほんかん	N1
本気	N1
ほんき	N1
本質	N1
ほんしつ	N1
本場	N1
ほんば	N1
本体	N1
ほんたい	N1
本能	N1
ほんのう	N1
本文	N1
ほんぶん	N1
本名	N1
ほんみょう	N1
凡そ	N1
およそ	N1
凡ゆる	N1
あらゆる	N1
麻	N1
あさ	N1
麻酔	N1
ますい	N1
麻痺	N1
まひ	N1
埋まる	N1
うずまる	N1
埋め込む	N1
うめこむ	N1
埋蔵	N1
まいぞう	N1
枚	N1
まい	N1
毎	N1
ごと	N1
幕	N1
膜	N1
まく	N1
末	N1
うら	N1
末期	N1
まっき	N1
万	N1
ばん	N1
万人	N1
ばんじん	N1
万能	N1
ばんのう	N1
満たす	N1
みたす	N1
満月	N1
まんげつ	N1
満場	N1
まんじょう	N1
味わい	N1
あじわい	N1
味覚	N1
みかく	N1
未	N1
ひつじ	N1
未だ	N1
いまだ	N1
未開	N1
みかい	N1
未婚	N1
みこん	N1
未熟	N1
みじゅく	N1
未知	N1
みち	N1
未定	N1
みてい	N1
未練	N1
みれん	N1
密か	N1
ひそか	N1
密集	N1
みっしゅう	N1
密接	N1
みっせつ	N1
密度	N1
みつど	N1
蜜	N1
みつ	N1
脈	N1
みゃく	N1
民主	N1
みんしゅ	N1
民宿	N1
みんしゅく	N1
民俗	N1
みんぞく	N1
民族	N1
眠たい	N1
ねむたい	N1
無闇に	N1
むやみに	N1
無意味	N1
むいみ	N1
無言	N1
むごん	N1
無効	N1
むこう	N1
無口	N1
むくち	N1
無邪気	N1
むじゃき	N1
無線	N1
むせん	N1
無駄遣い	N1
むだづかい	N1
無断	N1
むだん	N1
無知	N1
むち	N1
無茶	N1
むちゃ	N1
無茶苦茶	N1
むちゃくちゃ	N1
無難	N1
ぶなん	N1
無念	N1
むねん	N1
無能	N1
むのう	N1
無用	N1
むよう	N1
無礼	N1
ぶれい	N1
無論	N1
むろん	N1
婿	N1
むこ	N1
名高い	N1
なだかい	N1
名札	N1
なふだ	N1
名産	N1
めいさん	N1
名残	N1
なごり	N1
名称	N1
めいしょう	N1
名付ける	N1
なづける	N1
名簿	N1
めいぼ	N1
名誉	N1
めいよ	N1
命中	N1
めいちゅう	N1
明々後日	N1
しあさって	N1
明かす	N1
あかす	N1
明くる	N1
あくる	N1
明るい	N1
あかるい	N1
明後日	N1
あさって	N1
明白	N1
あからさま	N1
明瞭	N1
めいりょう	N1
明朗	N1
めいろう	N1
滅びる	N1
ほろびる	N1
滅ぼす	N1
ほろぼす	N1
滅茶苦茶	N1
めちゃくちゃ	N1
滅亡	N1
めつぼう	N1
免れる	N1
まぬかれる	N1
免除	N1
めんじょ	N1
面	N1
おも	N1
面する	N1
めんする	N1
面会	N1
めんかい	N1
面白い	N1
おもしろい	N1
面目	N1
めんぼく	N1
面皰	N1
にきび	N1
模型	N1
もけい	N1
模索	N1
もさく	N1
模範	N1
もはん	N1
模倣	N1
もほう	N1
猛烈	N1
もうれつ	N1
盲点	N1
もうてん	N1
網	N1
あみ	N1
木綿	N1
きわた	N1
目蓋	N1
まぶた	N1
目覚しい	N1
めざましい	N1
目覚める	N1
めざめる	N1
目盛	N1
めもり	N1
目付き	N1
めつき	N1
目方	N1
めかた	N1
目録	N1
もくろく	N1
目論見	N1
もくろみ	N1
目眩	N1
めまい	N1
問	N1
もん	N1
問い合わせる	N1
といあわせる	N1
問う	N1
問屋	N1
といや	N1
門	N1
かど	N1
夜具	N1
やぐ	N1
夜更かし	N1
よふかし	N1
夜更け	N1
よふけ	N1
夜行	N1
やぎょう	N1
夜中	N1
やちゅう	N1
野外	N1
やがい	N1
野心	N1
やしん	N1
野生	N1
やせい	N1
野党	N1
やとう	N1
矢	N1
矢っ張り	N1
やっぱり	N1
矢鱈に	N1
やたらに	N1
役	N1
役場	N1
やくば	N1
役職	N1
やくしょく	N1
役立つ	N1
やくだつ	N1
愈々	N1
いよいよ	N1
油絵	N1
あぶらえ	N1
優	N1
やさ	N1
優位	N1
ゆうい	N1
優越	N1
ゆうえつ	N1
優勢	N1
ゆうせい	N1
優先	N1
ゆうせん	N1
優美	N1
ゆうび	N1
勇敢	N1
ゆうかん	N1
幽霊	N1
ゆうれい	N1
憂鬱	N1
ゆううつ	N1
有する	N1
ゆうする	N1
有りのまま	N1
ありのまま	N1
有益	N1
ゆうえき	N1
有機	N1
ゆうき	N1
有難う	N1
ありがとう	N1
有望	N1
ゆうぼう	N1
有様	N1
ありさま	N1
有力	N1
ゆうりょく	N1
誘導	N1
ゆうどう	N1
誘惑	N1
ゆうわく	N1
遊牧	N1
ゆうぼく	N1
雄	N1
おす	N1
融資	N1
ゆうし	N1
融通	N1
ゆうずう	N1
夕焼け	N1
ゆうやけ	N1
夕暮れ	N1
ゆうぐれ	N1
予め	N1
あらかじめ	N1
予感	N1
よかん	N1
予言	N1
かねごと	N1
予想	N1
よそう	N1
余り	N1
あんまり	N1
余暇	N1
よか	N1
余興	N1
よきょう	N1
余所見	N1
よそみ	N1
余地	N1
よち	N1
余程	N1
よっぽど	N1
与党	N1
よとう	N1
預金	N1
よきん	N1
容易い	N1
たやすい	N1
揺さぶる	N1
ゆさぶる	N1
揺らぐ	N1
ゆらぐ	N1
様	N1
さま	N1
様式	N1
ようしき	N1
様相	N1
ようそう	N1
洋風	N1
ようふう	N1
溶液	N1
ようえき	N1
用件	N1
ようけん	N1
用紙	N1
ようし	N1
用品	N1
ようひん	N1
用法	N1
ようほう	N1
要する	N1
ようする	N1
要因	N1
よういん	N1
要請	N1
ようせい	N1
要望	N1
ようぼう	N1
遥か	N1
はるか	N1
養う	N1
やしなう	N1
養護	N1
ようご	N1
養成	N1
抑圧	N1
よくあつ	N1
抑制	N1
よくせい	N1
欲深い	N1
よくふかい	N1
欲望	N1
よくぼう	N1
浴室	N1
よくしつ	N1
裸足	N1
はだし	N1
来る	N1
きたる	N1
来場	N1
らいじょう	N1
頼み	N1
たのみ	N1
雷	N1
いかずち	N1
絡む	N1
からむ	N1
落ちる	N1
おちる	N1
落ち込む	N1
おちこむ	N1
落ち着き	N1
おちつき	N1
落ち葉	N1
おちば	N1
落とす	N1
おとす	N1
落下	N1
らっか	N1
酪農	N1
らくのう	N1
乱す	N1
みだす	N1
乱れる	N1
みだれる	N1
濫用	N1
らんよう	N1
藍褸	N1
ぼろ	N1
利根	N1
りこん	N1
利子	N1
りし	N1
利潤	N1
りじゅん	N1
利息	N1
りそく	N1
利点	N1
りてん	N1
履歴	N1
りれき	N1
理屈	N1
りくつ	N1
理性	N1
りせい	N1
理論	N1
りろん	N1
裏返し	N1
うらがえし	N1
率いる	N1
ひきいる	N1
率直	N1
そっちょく	N1
立ち寄る	N1
たちよる	N1
立体	N1
りったい	N1
立方	N1
たちかた	N1
立法	N1
りっぽう	N1
略語	N1
りゃくご	N1
略奪	N1
りゃくだつ	N1
流	N1
りゅう	N1
流し	N1
ながし	N1
流行	N1
はやり	N1
流通	N1
りゅうつう	N1
溜まり	N1
たまり	N1
留める	N1
旅客	N1
りょかく	N1
旅券	N1
りょけん	N1
了	N1
りょう	N1
了解	N1
りょうかい	N1
了承	N1
りょうしょう	N1
両極	N1
りょうきょく	N1
両立	N1
りょうりつ	N1
凌ぐ	N1
しのぐ	N1
料	N1
良い	N1
良好	N1
りょうこう	N1
良識	N1
りょうしき	N1
良質	N1
りょうしつ	N1
良心	N1
りょうしん	N1
領域	N1
りょういき	N1
領海	N1
領地	N1
りょうち	N1
領土	N1
りょうど	N1
林業	N1
りんぎょう	N1
臨む	N1
のぞむ	N1
輪	N1
りん	N1
類	N1
たぐい	N1
類似	N1
るいじ	N1
類推	N1
るいすい	N1
例	N1
ためし	N1
例え	N1
冷やかす	N1
ひやかす	N1
冷酷	N1
れいこく	N1
冷蔵	N1
れいぞう	N1
冷淡	N1
れいたん	N1
励ます	N1
はげます	N1
励む	N1
はげむ	N1
零す	N1
こぼす	N1
零れる	N1
こぼれる	N1
暦	N1
こよみ	N1
裂ける	N1
さける	N1
恋する	N1
こいする	N1
恋愛	N1
れんあい	N1
練る	N1
ねる	N1
蓮	N1
はす	N1
連なる	N1
つらなる	N1
連ねる	N1
つらねる	N1
連休	N1
れんきゅう	N1
連帯	N1
れんたい	N1
連中	N1
れんじゅう	N1
連日	N1
れんじつ	N1
連邦	N1
れんぽう	N1
連盟	N1
れんめい	N1
露	N1
つゆ	N1
露骨	N1
ろこつ	N1
労る	N1
いたわる	N1
労力	N1
ろうりょく	N1
弄る	N1
いじる	N1
朗読	N1
ろうどく	N1
浪費	N1
ろうひ	N1
漏らす	N1
もらす	N1
漏る	N1
もる	N1
漏れる	N1
もれる	N1
篭る	N1
こもる	N1
老いる	N1
おいる	N1
老ける	N1
ふける	N1
老衰	N1
ろうすい	N1
六	N1
む	N1
論議	N1
ろんぎ	N1
論理	N1
ろんり	N1
和	N1
わ	N1
和やか	N1
なごやか	N1
和らげる	N1
やわらげる	N1
和風	N1
わふう	N1
和文	N1
わぶん	N1
話し合い	N1
はなしあい	N1
歪む	N1
いがむ	N1
賄う	N1
まかなう	N1
惑星	N1
わくせい	N1
枠	N1
わく	N1
詫び	N1
わび	N1
藁	N1
わら	N1
腕前	N1
うでまえ	N1
伜	N1
せがれ	N1
偖	N1
さて	N1
傲る	N1
おごる	N1
几帳面	N1
きちょうめん	N1
凭れる	N1
もたれる	N1
吝嗇	N1
けち	N1
咎める	N1
とがめる	N1
呟く	N1
つぶやく	N1
咄嗟	N1
とっさ	N1
唸る	N1
うなる	N1
嗚呼	N1
ああ	N1
嗜好	N1
嘴	N1
くちばし	N1
嘸	N1
さぞ	N1
嚏	N1
くしゃみ	N1
囀る	N1
さえずる	N1
夥しい	N1
おびただしい	N1
婉曲	N1
えんきょく	N1
嫋か	N1
しなやか	N1
屎尿	N1
しにょう	N1
屹度	N1
きっと	N1
抓る	N1
つねる	N1
拗れる	N1
こじれる	N1
拵える	N1
こしらえる	N1
揉める	N1
もめる	N1
揶揄う	N1
からかう	N1
擽ぐったい	N1
くすぐったい	N1
曖昧	N1
あいまい	N1
檻	N1
鬱陶しい	N1
うっとうしい	N1
毟る	N1
むしる	N1
洒落	N1
しゃらく	N1
洒落る	N1
しゃれる	N1
涸れる	N1
かれる	N1
滲む	N1
にじむ	N1
炙る	N1
あぶる	N1
炒める	N1
煌々と	N1
こうこうと	N1
煌びやか	N1
きらびやか	N1
痒い	N1
かゆい	N1
痺れる	N1
しびれる	N1
皺	N1
しわ	N1
眩しい	N1
まぶしい	N1
瞑る	N1
つぶる	N1
碌な	N1
ろくな	N1
碌に	N1
ろくに	N1
稍	N1
やや	N1
籤引	N1
くじびき	N1
絨毯	N1
じゅうたん	N1
聳える	N1
そびえる	N1
臍	N1
へそ	N1
茹でる	N1
ゆでる	N1
蕾	N1
つぼみ	N1
誂える	N1
あつらえる	N1
諄い	N1
くどい	N1
貶す	N1
けなす	N1
齎らす	N1
もたらす	N1
踵	N1
かかと	N1
躊躇う	N1
ためらう	N1
躓く	N1
つまずく	N1
躾	N1
しつけ	N1
軈て	N1
やがて	N1
軋む	N1
きしむ	N1
辟易	N1
へきえき	N1
迚も	N1
とても	N1
逞しい	N1
たくましい	N1
鋏	N1
はさみ	N1
饂飩	N1
うどん	N1
騙す	N1
だます	N1
黴菌	N1
ばいきん	N1
鼾	N1
いびき	N1
